S500,0,0,0,0,0,0,0,0,0,0,0,0,0,0,0,0,0,0,0,0,0,0,0,0,0,0,0,0,0,0,0,0,0,0,0,0,0,0,0,0,0,0,0,0,0,0,0,0,0,0,0,0,0,0,0,0,0,0,0,0,0,0,0,0,0,0,0,0,0,0,0,0,0,0,0,0,0,0,0,0,0,0,0,0,0,0,0,0,0,0,0,0,0,0,0,0,0,0,0,0,0,0,0,0,0,0,0,0,0,0,0,0,0,0,0,0,0,0,0,0,0,0,0,0,0,0,0,0,0,0,0,0,0,0,0,0,0,0,0,0,0,0,0,0,0,0,0,0,0,0,0,0,0,0,0,0,0,0,0,0,0,0,0,0,0,0,0,0,0,0,0,0,0,0,0,0,0,0,0,0,0,0,0,0,0,0,0,0,0,0,0,0,0,0,0,0,0,0,0,0,0,0,0,0,0,0,0,0,0,0,0,0,0,0,0,0,0,0,0,0,0,0,0,0,0,0,0,0,0,0,0,0,0,0,0,0,0,0,0,0,0,0,0,0,0,0,0,0,0,0,0,0,0,0,0,0,0,0,0,0,0,0,0,0,0,0,0,0,0,0,0,0,0,0,0,0,0,0,0,0,0,0,0,0,0,0,0,0,0,0,0,0,0,0,0,0,1,0,0,0,0,0,0,0,0,0,0,0,0,0,0,0,0,0,0,0,0,0,0,0,0,0,0,0,0,0,0,0,0,0,0,0,0,0,0,0,1,0,0,0,0,0,0,0,0,0,0,0,0,0,0,0,0,0,0,0,0,0,0,0,0,0,0,0,0,0,0,0,0,0,0,0,0,0,0,0,0,0,0,0,0,0,0,0,0,0,0,0,0,0,0,0,0,0,0,0,0,0,1,0,0,0,0,0,0,0,0,0,0,0,0,0,0,0,0,0,0,0,0,1,0,0,0,0,0,0,0,0,0,0,0,0,0,0,1,0,0,0,0,0,0,0,0,0,0,1,0,0,0,0,0,0,0,0,0,0,0,0,0,0,2,0,0,0,0,1,0,0,0,0,0,0,1,1,0,0,0,0,0,0,0,0,0,1,0,0,0,1,0,1,0,1,1,0,1,0,0,0,0,2,0,1,0,1,0,2,0,0,1,1,0,0,0,0,0,2,0,0,0,1,0,0,1,0,0,0,0,0,0,2,0,4,1,0,1,0,1,1,0,0,1,0,1,0,3,0,0,1,1,1,0,2,0,4,0,1,1,1,1,2,0,1,1,1,0,2,0,1,1,0,3,2,1,1,2,2,1,1,2,1,1,3,1,1,0,3,1,2,3,0,2,1,0,0,1,1,1,0,0,2,1,3,2,4,0,2,1,1,1,4,6,3,1,0,2,2,1,4,3,2,5,4,2,2,1,2,2,3,7,3,4,5,4,2,2,3,4,7,2,2,4,7,2,3,5,2,3,3,2,6,1,10,9,10,6,3,5,4,4,6,7,6,8,3,4,12,4,4,7,5,4,8,6,5,3,4,8,6,8,8,5,5,3,5,4,10,7,4,9,9,7,7,9,2,7,11,12,9,6,7,12,11,7,7,11,10,12,6,12,15,3,7,11,8,9,17,10,10,10,15,7,15,16,10,18,19,4,9,12,13,18,10,14,11,14,21,11,15,15,11,8,15,10,13,18,19,16,17,15,18,15,19,22,11,22,27,16,24,22,17,16,20,19,14,19,23,19,21,23,23,20,15,24,13,18,18,19,16,28,20,18,15,23,26,27,23,25,28,26,26,23,14,25,25,20,23,25,34,24,24,19,31,25,33,33,28,35,21,34,38,31,41,34,37,29,30,26,31,38,31,33,39,23,40,39,43,44,32,27,41,35,39,46,27,52,41,51,53,42,42,51,43,42,32,36,64,53,44,62,36,56,48,54,59,64,50,42,53,54,49,55,45,68,49,48,52,47,54,46,34,54,48,44,55,66,75,62,52,50,61,94,65,79,72,76,72,61,62,75,67,65,83,73,95,97,90,80,77,93,88,78,61,67,80,68,67,99,76,94,85,82,73,75,101,93,87,82,104,72,106,90,105,84,107,112,112,109,106,116,94,105,103,107,128,113,105,122,106,117,112,110,122,105,131,133,135,131,136,135,125,131,121,115,139,136,128,143,134,142,127,133,124,147,138,133,150,166,150,145,166,172,140,181,165,159,167,166,165,174,159,190,163,167,161,177,175,175,199,179,195,192,188,186,195,222,201,184,187,217,191
S1000,0,0,0,0,0,0,0,0,0,0,0,0,0,0,0,0,0,0,0,0,0,0,0,0,0,0,0,0,0,0,0,0,0,0,0,0,0,0,0,0,0,0,0,0,0,0,0,0,0,0,0,0,0,0,0,0,0,0,0,0,0,0,0,0,0,0,0,0,0,0,0,0,0,0,0,0,0,0,0,0,0,0,0,0,0,0,0,0,0,0,0,0,0,0,0,0,0,0,0,0,0,0,0,0,0,0,0,0,0,0,0,0,0,0,0,0,0,0,0,0,0,0,0,0,0,0,0,0,0,0,0,0,0,0,0,0,0,0,0,0,0,0,0,0,0,0,0,0,0,0,0,0,0,0,0,0,0,0,0,0,0,0,0,0,0,0,0,0,0,0,0,0,0,0,0,0,0,0,0,0,0,0,0,0,0,0,0,0,0,0,0,0,0,0,0,0,0,0,0,0,0,0,0,0,0,0,0,0,0,0,0,0,0,0,0,0,0,0,0,0,0,0,0,0,0,0,0,0,0,0,0,0,0,0,0,0,0,0,0,0,0,0,0,0,0,0,0,0,0,0,0,0,0,0,0,0,0,0,0,0,0,0,0,0,0,0,0,0,0,0,0,0,0,0,0,0,0,0,0,0,0,0,0,0,0,0,0,0,0,0,0,0,0,0,0,0,1,0,0,0,0,0,0,0,0,0,0,0,0,0,0,0,0,0,0,0,0,0,0,0,0,0,0,0,0,0,0,0,0,0,0,0,0,0,0,0,1,0,0,0,0,0,0,0,0,0,0,0,0,0,0,0,0,0,0,0,0,0,0,0,0,0,0,0,0,0,0,0,0,0,0,0,0,0,0,0,0,0,0,0,0,0,0,0,0,0,0,0,0,0,0,0,0,0,0,0,0,0,1,0,0,0,0,0,0,0,0,0,0,0,0,0,0,0,0,0,0,0,0,1,0,0,0,0,0,0,0,0,0,0,0,0,0,0,1,0,0,0,0,0,0,0,0,0,0,1,0,0,0,0,0,0,0,0,0,0,0,0,0,0,2,0,0,0,0,1,0,0,0,0,0,0,1,1,0,0,0,0,0,0,0,0,0,1,0,0,0,1,0,1,0,1,1,0,1,0,0,0,0,2,0,2,0,1,0,2,0,0,1,1,0,0,0,0,0,2,0,0,0,1,0,0,1,0,0,0,0,0,0,2,0,4,1,0,1,0,1,1,0,0,1,0,1,0,3,0,0,1,1,1,0,2,0,4,0,1,1,1,1,2,1,1,1,1,0,2,0,1,1,0,3,2,1,1,2,2,1,1,2,1,1,3,1,1,0,3,1,2,3,0,2,1,0,0,1,1,1,0,0,2,1,3,2,4,0,2,1,1,1,4,6,3,1,0,2,2,1,4,3,3,5,4,2,2,1,2,2,3,7,3,4,5,4,2,2,3,4,7,2,2,4,8,2,3,5,2,3,3,2,6,1,10,11,10,6,3,5,4,4,7,7,6,8,3,4,12,4,4,8,5,4,8,6,5,3,4,9,6,8,8,6,5,3,5,4,10,7,4,10,9,7,7,9,2,7,11,12,10,6,7,12,12,8,7,11,10,12,6,12,15,3,7,11,8,10,17,11,10,10,16,7,15,16,10,18,20,4,9,14,13,18,10,14,11,14,24,11,15,15,12,10,16,10,13,18,19,16,17,15,19,16,19,23,11,23,27,16,24,22,18,16,20,20,15,22,25,20,21,23,24,20,15,26,15,18,19,19,16,28,20,18,15,23,26,27,24,25,28,26,26,23,14,25,26,20,23,26,34,25,27,20,31,25,33,33,30,36,22,36,40,31,41,34,37,30,30,26,32,40,31,34,41,24,41,40,43,45,33,29,42,35,40,48,28,55,43,53,55,44,43,51,44,45,32,36,64,53,46,62,39,58,51,56,59,64,50,43,54,55,52,55,46,73,52,48,53,48,56,47,34,55,49,46,56,66,75,64,53,51,62,95,66,83,73,77,72,63,63,75,69,68,85,74,97,98,91,83,80,97,90,79,63,71,84,69,69,103,79,97,85,82,76,77,104,96,87,87,106,75,108,93,107,86,107,114,118,111,108,118,96,106,106,111,134,116,108,126,109,117,114,112,124,109,133,135,140,134,140,138,129,134,125,119,142,136,131,146,137,144,130,135,126,148,143,135,153,169,154,150,173,176,145,184,168,161,171,173,172,177,166,194,170,170,165,182,179,178,204,184,197,199,190,191,201,227,204,188,190,222,198
S1500,0,0,0,0,0,0,0,0,0,0,0,0,0,0,0,0,0,0,0,0,0,0,0,0,0,0,0,0,0,0,0,0,0,0,0,0,0,0,0,0,0,0,0,0,0,0,0,0,0,0,0,0,0,0,0,0,0,0,0,0,0,0,0,0,0,0,0,0,0,0,0,0,0,0,0,0,0,0,0,0,0,0,0,0,0,0,0,0,0,0,0,0,0,0,0,0,0,0,0,0,0,0,0,0,0,0,0,0,0,0,0,0,0,0,0,0,0,0,0,0,0,0,0,0,0,0,0,0,0,0,0,0,0,0,0,0,0,0,0,0,0,0,0,0,0,0,0,0,0,0,0,0,0,0,0,0,0,0,0,0,0,0,0,0,0,0,0,0,0,0,0,0,0,0,0,0,0,0,0,0,0,0,0,0,0,0,0,0,0,0,0,0,0,0,0,0,0,0,0,0,0,0,0,0,0,0,0,0,0,0,0,0,0,0,0,0,0,0,0,0,0,0,0,0,0,0,0,0,0,0,0,0,0,0,0,0,0,0,0,0,0,0,0,0,0,0,0,0,0,0,0,0,0,0,0,0,0,0,0,0,0,0,0,0,0,0,0,0,0,0,0,0,0,0,0,0,0,0,0,0,0,0,0,0,0,0,0,0,0,0,0,0,0,0,0,0,1,0,0,0,0,0,0,0,0,0,0,0,0,0,0,0,0,0,0,0,0,0,0,0,0,0,0,0,0,0,0,0,0,0,0,0,0,1,0,0,1,0,0,0,0,0,0,0,0,0,0,0,0,0,0,0,0,0,0,0,0,0,0,0,0,0,0,0,0,0,0,0,0,0,0,0,0,0,0,0,0,0,0,0,0,0,0,0,0,0,0,0,0,0,0,0,0,0,0,0,0,0,1,0,0,0,0,0,0,0,0,0,0,0,0,0,0,0,0,0,0,0,0,1,0,0,0,0,0,0,0,0,0,0,0,0,0,0,1,0,0,0,0,0,0,0,0,0,0,1,0,0,0,0,0,0,0,0,0,0,0,0,0,0,2,0,0,0,0,1,0,0,0,0,0,0,1,1,0,0,0,0,0,0,0,0,0,1,0,0,0,1,0,1,0,1,1,0,1,0,0,0,0,2,0,2,0,1,0,2,0,0,1,1,0,0,0,0,1,2,0,0,0,1,0,0,1,0,0,0,0,0,0,2,0,4,1,0,1,0,1,1,0,0,1,0,1,0,3,0,0,1,1,1,0,2,0,4,0,1,1,1,1,2,1,1,1,1,0,2,0,1,1,0,3,2,1,1,2,2,1,1,2,1,1,3,1,1,0,3,1,2,3,0,2,1,0,0,1,1,1,0,0,2,1,3,2,4,0,2,1,1,1,4,6,3,1,0,2,2,1,4,3,3,5,4,2,2,1,2,2,3,7,5,4,5,4,2,2,3,4,7,2,2,4,8,2,3,5,2,3,3,2,7,2,10,11,10,6,3,6,4,4,7,7,6,8,3,4,13,4,4,8,5,4,8,6,5,3,4,9,6,8,8,6,5,3,5,4,10,7,4,10,9,7,7,9,2,8,11,12,10,6,7,12,13,8,7,11,11,13,6,12,15,3,7,11,8,11,18,11,10,10,16,7,15,16,11,19,20,4,9,14,13,19,12,14,11,14,24,13,15,16,13,10,16,10,13,19,19,16,18,16,19,16,19,23,11,23,28,16,25,22,18,16,20,21,15,22,26,22,22,23,26,20,15,27,15,18,19,19,16,29,20,20,15,23,26,27,24,26,29,26,26,23,14,26,26,20,24,27,35,25,27,20,31,25,33,34,30,36,22,36,41,32,41,34,37,30,30,29,34,40,31,36,41,27,42,41,43,46,35,29,42,38,40,49,30,57,44,56,56,46,46,52,46,46,32,37,64,54,47,63,39,58,52,58,59,65,50,43,56,55,54,56,48,73,54,49,56,49,58,47,34,57,51,48,57,70,78,66,56,51,64,97,70,85,73,79,75,65,65,76,74,69,88,75,98,103,91,84,80,100,93,82,66,74,86,72,74,104,79,98,87,87,76,82,108,99,88,90,111,79,110,96,109,87,109,116,118,112,108,120,100,110,109,117,138,117,110,128,111,121,114,115,129,112,136,135,144,138,142,141,134,138,128,122,147,138,134,149,139,147,133,140,128,152,146,137,159,174,156,152,175,177,149,185,173,164,175,176,180,184,175,199,175,178,167,185,181,183,208,190,202,204,193,195,204,232,213,189,191,229,203
S2000,0,0,0,0,0,0,0,0,0,0,0,0,0,0,0,0,0,0,0,0,0,0,0,0,0,0,0,0,0,0,0,0,0,0,0,0,0,0,0,0,0,0,0,0,0,0,0,0,0,0,0,0,0,0,0,0,0,0,0,0,0,0,0,0,0,0,0,0,0,0,0,0,0,0,0,0,0,0,0,0,0,0,0,0,0,0,0,0,0,0,0,0,0,0,0,0,0,0,0,0,0,0,0,0,0,0,0,0,0,0,0,0,0,0,0,0,0,0,0,0,0,0,0,0,0,0,0,0,0,0,0,0,0,0,0,0,0,0,0,0,0,0,0,0,0,0,0,0,0,0,0,0,0,0,0,0,0,0,0,0,0,0,0,0,0,0,0,0,0,0,0,0,0,0,0,0,0,0,0,0,0,0,0,0,0,0,0,0,0,0,0,0,0,0,0,0,0,0,0,0,0,0,0,0,0,0,0,0,0,0,0,0,0,0,0,0,0,0,0,0,0,0,0,0,0,0,0,0,0,0,0,0,0,0,0,0,0,0,0,0,0,0,0,0,0,0,0,0,0,0,0,0,0,0,0,0,0,0,0,0,0,0,0,0,0,0,0,0,0,0,0,0,0,0,0,0,0,0,0,0,0,0,0,0,0,0,0,0,0,0,0,0,0,0,0,0,1,0,0,0,0,0,0,0,0,0,0,0,0,0,0,0,0,0,0,0,0,0,0,0,0,0,0,0,0,0,0,0,0,0,0,0,0,1,0,0,1,0,0,0,0,0,0,0,0,0,0,0,0,0,0,0,0,0,0,0,0,0,0,0,0,0,0,0,0,0,0,0,0,0,0,0,0,0,0,0,0,0,0,0,0,0,0,0,0,0,0,0,0,0,0,0,0,0,0,0,0,0,1,0,0,0,0,0,0,0,0,0,0,0,0,0,0,0,0,0,0,0,0,1,0,0,0,0,0,0,0,0,0,0,0,0,0,0,1,0,0,0,0,0,0,0,0,0,0,1,0,0,0,0,0,0,0,0,0,0,0,0,0,0,2,0,0,0,0,1,0,0,0,0,0,0,1,1,0,0,0,0,0,0,0,0,0,1,0,0,0,1,0,1,0,1,1,0,1,0,0,0,0,2,0,2,0,1,0,2,0,0,1,1,0,0,0,0,1,2,0,0,0,1,0,0,1,0,0,1,0,0,0,2,0,4,1,0,1,0,2,1,0,0,1,0,1,0,3,0,0,1,1,1,0,2,0,4,0,1,2,2,1,2,1,1,1,1,0,2,0,1,1,0,3,2,1,1,2,2,1,1,2,1,1,3,1,1,0,3,1,3,3,0,2,1,0,0,1,1,1,0,0,2,1,3,2,4,0,2,1,1,1,4,6,3,2,0,2,2,1,4,3,4,5,4,2,2,1,2,2,3,7,5,4,5,4,2,2,3,4,8,2,2,4,8,3,3,5,2,3,3,2,7,2,10,11,10,6,3,6,4,4,7,8,7,9,3,4,13,4,4,8,5,4,9,6,5,3,4,9,6,8,8,6,5,3,5,4,10,7,4,10,9,7,7,10,2,8,12,13,10,6,7,12,13,8,7,11,12,13,6,12,16,4,8,11,8,11,18,11,10,10,16,7,16,16,12,19,20,5,10,14,13,20,12,14,11,14,24,13,15,16,13,10,18,11,14,19,20,16,18,17,20,16,19,23,11,24,28,16,25,23,18,17,20,21,15,22,26,22,22,23,27,20,15,29,16,18,19,20,17,29,20,20,16,26,26,27,25,26,29,26,26,23,14,27,27,21,24,28,35,28,27,20,31,25,33,35,30,36,22,37,41,32,42,34,38,32,31,31,36,41,32,38,43,28,42,41,44,46,36,30,44,39,41,50,32,59,46,57,56,47,47,55,46,49,33,37,65,55,50,64,40,60,55,59,60,66,52,45,57,56,56,59,48,73,55,49,57,50,59,48,35,57,51,49,58,71,81,67,58,52,64,99,70,86,75,82,77,66,69,76,75,72,93,77,100,105,93,86,81,100,95,84,67,76,86,73,79,107,82,99,90,88,79,84,111,101,92,93,113,80,112,98,111,91,113,116,119,114,112,122,100,114,114,120,139,120,110,131,113,122,119,117,131,114,137,138,149,139,145,147,135,143,130,125,152,140,137,151,141,149,137,145,133,154,148,140,163,178,159,157,177,180,158,189,180,166,177,179,182,188,177,202,179,182,172,192,188,189,211,194,210,208,198,203,209,235,221,193,192,235,213
S2500,0,0,0,0,0,0,0,0,0,0,0,0,0,0,0,0,0,0,0,0,0,0,0,0,0,0,0,0,0,0,0,0,0,0,0,0,0,0,0,0,0,0,0,0,0,0,0,0,0,0,0,0,0,0,0,0,0,0,0,0,0,0,0,0,0,0,0,0,0,0,0,0,0,0,0,0,0,0,0,0,0,0,0,0,0,0,0,0,0,0,0,0,0,0,0,0,0,0,0,0,0,0,0,0,0,0,0,0,0,0,0,0,0,0,0,0,0,0,0,0,0,0,0,0,0,0,0,0,0,0,0,0,0,0,0,0,0,0,0,0,0,0,0,0,0,0,0,0,0,0,0,0,0,0,0,0,0,0,0,0,0,0,0,0,0,0,0,0,0,0,0,0,0,0,0,0,0,0,0,0,0,0,0,0,0,0,0,0,0,0,0,0,0,0,0,0,0,0,0,0,0,0,0,0,0,0,0,0,0,0,0,0,0,0,0,0,0,0,0,0,0,0,0,0,0,0,0,0,0,0,0,0,0,0,0,0,0,0,0,0,0,0,0,0,0,0,0,0,0,0,0,0,0,0,0,0,0,0,0,0,0,0,0,0,0,0,0,0,0,0,0,0,0,0,0,0,0,0,0,0,0,0,0,0,0,0,0,0,0,0,0,0,0,0,0,0,1,0,0,0,0,0,0,0,0,0,0,0,0,0,0,0,0,0,0,0,0,0,0,0,0,0,0,0,0,0,0,0,0,0,0,0,0,1,0,0,1,0,0,0,0,0,0,0,0,0,0,0,0,0,0,0,0,0,0,0,0,0,0,0,0,0,0,0,0,0,0,0,0,0,0,0,0,0,0,0,0,0,0,0,0,0,0,0,0,0,0,0,0,0,0,0,0,0,0,0,0,0,1,0,0,0,0,0,0,0,0,0,0,0,0,0,0,0,0,0,0,0,0,1,0,0,0,0,0,0,0,0,0,0,0,0,0,0,1,0,0,0,0,0,0,0,0,0,0,1,0,0,0,0,0,0,0,0,0,0,0,0,0,0,2,0,0,0,0,1,0,0,0,0,0,0,1,1,0,1,0,0,0,0,0,0,0,1,0,0,0,1,0,1,0,1,1,0,1,0,0,0,0,2,0,2,0,1,0,2,0,0,1,1,0,0,0,0,1,2,0,0,0,1,0,0,1,0,0,1,0,0,0,2,0,4,1,0,1,0,2,1,0,0,1,0,1,0,3,0,0,1,2,1,0,2,0,4,0,1,2,2,1,2,1,1,1,1,0,2,0,1,1,0,3,2,1,2,2,2,1,1,2,1,1,3,1,1,0,3,1,3,3,0,2,1,0,0,1,1,1,0,0,2,1,3,2,4,0,2,1,1,1,4,6,4,2,0,2,2,1,4,3,5,5,4,2,2,2,2,2,3,7,6,4,5,4,2,2,3,4,8,2,2,4,8,4,3,5,2,3,3,2,8,2,10,11,10,6,3,6,4,4,7,8,7,9,3,4,13,4,5,8,5,4,9,6,5,3,4,10,6,9,8,6,5,4,5,4,10,7,4,10,9,7,7,10,2,8,12,13,10,6,7,12,13,8,8,11,12,14,6,15,17,4,8,11,8,11,18,11,10,10,16,7,16,17,13,19,21,5,10,14,13,20,13,15,11,15,25,14,15,16,14,10,18,13,14,20,21,16,18,17,21,16,19,23,11,24,28,16,25,23,19,17,20,22,15,22,27,22,23,23,27,20,16,30,19,18,21,20,17,30,21,21,17,27,26,27,29,27,30,26,26,24,14,27,28,21,24,28,35,28,28,22,31,25,33,35,32,36,22,37,41,32,46,36,40,33,32,32,37,41,34,39,43,29,43,43,45,47,37,31,47,40,43,51,32,61,49,57,58,47,47,56,47,50,33,37,65,55,50,64,40,60,55,61,63,68,55,46,58,57,58,60,50,74,57,49,59,51,61,49,38,59,53,50,58,73,81,70,62,55,65,100,70,90,76,82,79,66,71,76,76,73,96,79,101,108,94,87,82,104,96,85,71,80,89,73,80,110,83,101,93,88,80,85,115,101,93,93,116,81,113,99,112,94,113,116,122,116,114,123,103,120,118,121,145,122,112,131,117,125,121,118,135,116,139,140,155,142,149,147,136,147,132,126,156,141,139,155,143,154,138,148,137,158,151,145,169,181,168,160,181,183,164,193,185,170,179,183,185,190,183,210,181,186,179,199,195,195,214,198,214,213,204,209,216,239,223,200,201,237,220
S3000,0,0,0,0,0,0,0,0,0,0,0,0,0,0,0,0,0,0,0,0,0,0,0,0,0,0,0,0,0,0,0,0,0,0,0,0,0,0,0,0,0,0,0,0,0,0,0,0,0,0,0,0,0,0,0,0,0,0,0,0,0,0,0,0,0,0,0,0,0,0,0,0,0,0,0,0,0,0,0,0,0,0,0,0,0,0,0,0,0,0,0,0,0,0,0,0,0,0,0,0,0,0,0,0,0,0,0,0,0,0,0,0,0,0,0,0,0,0,0,0,0,0,0,0,0,0,0,0,0,0,0,0,0,0,0,0,0,0,0,0,0,0,0,0,0,0,0,0,0,0,0,0,0,0,0,0,0,0,0,0,0,0,0,0,0,0,0,0,0,0,0,0,0,0,0,0,0,0,0,0,0,0,0,0,0,0,0,0,0,0,0,0,0,0,0,0,0,0,0,0,0,0,0,0,0,0,0,0,0,0,0,0,0,0,0,0,0,0,0,0,0,0,0,0,0,0,0,0,0,0,0,0,0,0,0,0,0,0,0,0,0,0,0,0,0,0,0,0,0,0,0,0,0,0,0,0,0,0,0,0,0,0,0,0,0,0,0,0,0,0,0,0,0,0,0,0,0,0,0,0,0,0,0,0,0,0,0,0,0,0,0,0,0,0,0,0,1,0,0,0,0,0,0,0,0,0,0,0,0,0,0,0,0,0,0,0,0,0,0,0,0,0,0,0,0,0,0,0,0,0,0,0,0,1,0,0,1,0,0,0,0,0,0,0,0,0,0,0,0,0,0,0,0,0,0,0,0,0,0,0,0,0,0,0,0,0,0,0,0,0,0,0,0,0,0,0,0,0,0,0,0,0,0,0,0,0,0,0,0,0,0,0,0,0,0,0,0,0,1,0,0,0,0,0,0,0,0,0,0,0,0,0,0,0,0,0,0,0,0,1,0,0,0,0,0,0,0,0,0,0,0,0,0,0,1,0,0,0,0,0,0,0,0,0,0,1,0,0,0,0,0,0,0,0,0,0,0,0,0,0,2,0,0,0,0,1,0,0,0,0,0,0,1,1,0,1,0,0,0,0,0,0,0,1,0,0,0,1,0,1,0,1,1,0,1,0,0,0,0,2,0,2,0,1,0,2,0,0,1,1,0,0,0,0,1,2,0,0,0,1,1,0,1,0,0,1,0,0,0,2,0,4,1,0,1,0,2,1,0,0,1,0,1,0,3,0,0,1,2,1,0,2,0,4,0,1,2,2,1,2,1,1,1,1,0,2,0,1,1,0,3,2,1,3,2,2,1,1,2,1,1,3,1,1,0,3,1,3,3,0,2,1,0,0,1,1,1,0,0,2,1,3,3,4,0,2,1,1,1,4,6,4,2,0,2,2,1,4,3,5,5,4,2,3,2,2,2,3,7,6,4,5,4,4,2,3,4,8,3,2,4,8,4,3,5,2,3,3,2,8,2,10,11,10,6,3,6,4,4,7,8,7,9,3,4,13,4,5,8,5,4,9,6,5,3,4,10,6,9,9,6,6,5,5,4,11,8,4,10,10,7,7,10,2,9,12,13,10,7,7,12,13,8,8,12,12,15,7,15,17,4,8,12,8,11,18,12,11,10,17,7,17,17,14,20,21,6,10,14,14,20,13,15,11,15,25,15,15,16,15,10,18,13,14,20,22,16,18,17,21,17,19,23,11,24,28,17,27,23,19,18,20,22,15,22,27,22,25,24,27,21,16,31,19,19,22,22,17,31,21,22,17,28,26,27,29,28,31,27,27,26,15,27,28,22,24,30,36,29,29,22,31,25,33,36,32,37,22,37,42,32,46,36,41,34,32,33,39,41,37,39,44,29,46,44,45,48,38,32,47,40,43,52,33,62,51,59,59,49,48,61,48,52,34,37,65,56,52,65,42,61,56,63,63,70,55,46,61,59,58,61,52,76,61,52,61,51,65,49,40,59,54,52,59,74,83,70,64,59,69,102,72,93,77,84,80,68,73,77,78,77,97,81,102,111,94,90,85,106,98,86,74,81,92,75,82,112,84,102,95,90,81,85,117,103,96,94,118,84,115,103,113,100,116,121,123,119,115,125,105,124,121,123,147,123,113,133,118,127,122,119,136,118,139,142,157,145,154,149,145,149,135,129,161,143,144,158,146,156,141,154,141,161,153,150,174,184,171,166,188,185,166,198,190,171,181,187,190,193,190,213,188,188,180,203,202,200,216,200,217,219,205,214,224,243,227,205,207,243,226
S3500,0,0,0,0,0,0,0,0,0,0,0,0,0,0,0,0,0,0,0,0,0,0,0,0,0,0,0,0,0,0,0,0,0,0,0,0,0,0,0,0,0,0,0,0,0,0,0,0,0,0,0,0,0,0,0,0,0,0,0,0,0,0,0,0,0,0,0,0,0,0,0,0,0,0,0,0,0,0,0,0,0,0,0,0,0,0,0,0,0,0,0,0,0,0,0,0,0,0,0,0,0,0,0,0,0,0,0,0,0,0,0,0,0,0,0,0,0,0,0,0,0,0,0,0,0,0,0,0,0,0,0,0,0,0,0,0,0,0,0,0,0,0,0,0,0,0,0,0,0,0,0,0,0,0,0,0,0,0,0,0,0,0,0,0,0,0,0,0,0,0,0,0,0,0,0,0,0,0,0,0,0,0,0,0,0,0,0,0,0,0,0,0,0,0,0,0,0,0,0,0,0,0,0,0,0,0,0,0,0,0,0,0,0,0,0,0,0,0,0,0,0,0,0,0,0,0,0,0,0,0,0,0,0,0,0,0,0,0,0,0,0,0,0,0,0,0,0,0,0,0,0,0,0,0,0,0,0,0,0,0,0,0,0,0,0,0,0,0,0,0,0,0,0,0,0,0,0,0,0,0,0,0,0,0,0,0,0,0,0,0,0,0,0,0,0,0,1,0,0,0,0,0,0,0,0,0,0,0,0,0,0,0,0,0,0,0,0,0,0,0,0,0,0,0,0,0,0,0,0,0,0,0,0,1,0,0,1,0,0,0,0,0,0,0,0,0,0,0,0,0,0,0,0,0,0,0,0,0,0,0,0,0,0,0,0,0,0,0,0,0,0,0,0,0,0,0,0,0,0,0,0,0,0,0,0,0,0,0,0,0,0,0,0,0,0,0,0,0,1,0,0,0,0,0,0,0,0,0,0,0,0,0,0,0,0,0,0,0,0,1,0,0,0,0,0,0,0,0,0,0,0,0,0,0,1,0,0,0,0,0,0,0,0,0,0,1,0,0,0,0,0,0,0,0,0,0,0,0,0,0,2,0,0,0,0,1,0,0,0,0,0,0,1,1,0,1,0,0,0,0,0,0,0,1,0,0,0,1,0,1,0,1,1,0,1,0,0,0,0,2,0,2,0,1,0,2,0,0,1,1,0,0,0,0,1,2,0,0,0,1,1,0,1,0,0,1,0,0,0,2,0,4,1,0,1,0,2,1,0,0,1,0,1,0,3,0,0,1,2,1,0,2,0,4,0,1,3,2,1,2,1,1,1,1,0,2,0,1,1,0,3,2,1,3,2,2,1,1,2,1,1,3,1,1,0,4,1,3,3,0,2,1,0,0,1,1,1,0,0,2,1,3,3,4,0,2,1,1,1,4,6,4,2,0,2,2,1,4,3,5,5,5,2,3,2,2,2,3,7,6,4,6,4,4,2,3,4,8,3,2,4,8,4,3,5,2,3,3,2,8,2,10,11,10,6,3,6,4,4,7,8,7,9,3,4,13,4,6,9,5,4,9,6,5,3,4,10,6,9,9,6,6,6,5,4,11,8,4,10,10,10,7,11,3,9,12,13,10,7,9,13,13,11,8,12,12,15,8,15,17,4,8,12,8,11,18,12,11,10,18,7,17,17,14,20,22,7,10,14,14,21,14,15,11,15,26,15,15,16,15,10,18,14,14,21,22,16,18,18,22,17,20,24,13,26,29,17,27,24,20,19,20,23,15,23,27,23,25,24,27,21,16,32,20,19,22,22,17,32,21,22,18,28,26,28,31,28,31,28,28,27,16,27,28,23,24,31,36,29,29,23,31,25,33,37,33,37,24,39,42,33,47,38,42,38,32,35,40,42,37,41,47,30,48,44,45,48,38,32,50,40,44,53,33,62,53,59,62,51,49,61,51,52,35,37,65,57,53,65,44,62,57,64,64,70,58,47,65,59,59,62,53,78,61,54,62,53,67,52,41,60,55,53,60,75,84,72,66,60,72,102,73,95,77,85,81,72,76,79,80,79,98,82,103,114,95,91,88,108,103,88,76,83,94,75,84,114,86,104,96,90,85,89,121,105,98,95,120,87,117,106,119,104,118,124,126,120,118,127,106,127,124,124,149,125,117,135,118,130,126,120,138,118,144,148,162,147,158,151,147,152,139,132,165,146,144,165,148,160,144,155,145,168,158,152,175,186,176,169,189,188,169,201,195,173,184,193,195,199,194,217,193,191,190,208,204,203,221,203,222,221,211,218,230,247,234,209,212,247,231
S4000,0,0,0,0,0,0,0,0,0,0,0,0,0,0,0,0,0,0,0,0,0,0,0,0,0,0,0,0,0,0,0,0,0,0,0,0,0,0,0,0,0,0,0,0,0,0,0,0,0,0,0,0,0,0,0,0,0,0,0,0,0,0,0,0,0,0,0,0,0,0,0,0,0,0,0,0,0,0,0,0,0,0,0,0,0,0,0,0,0,0,0,0,0,0,0,0,0,0,0,0,0,0,0,0,0,0,0,0,0,0,0,0,0,0,0,0,0,0,0,0,0,0,0,0,0,0,0,0,0,0,0,0,0,0,0,0,0,0,0,0,0,0,0,0,0,0,0,0,0,0,0,0,0,0,0,0,0,0,0,0,0,0,0,0,0,0,0,0,0,0,0,0,0,0,0,0,0,0,0,0,0,0,0,0,0,0,0,0,0,0,0,0,0,0,0,0,0,0,0,0,0,0,0,0,0,0,0,0,0,0,0,0,0,0,0,0,0,0,0,0,0,0,0,0,0,0,0,0,0,0,0,0,0,0,0,0,0,0,0,0,0,0,0,0,0,0,0,0,0,0,0,0,0,0,0,0,0,0,0,0,0,0,0,0,0,0,0,0,0,0,0,0,0,0,0,0,0,0,0,0,0,0,0,0,0,0,0,0,0,0,0,0,0,0,0,0,1,0,0,0,0,0,0,0,0,0,0,0,0,0,0,0,0,0,0,0,0,0,0,0,0,0,0,0,0,0,0,0,0,0,0,0,0,1,0,0,1,0,0,0,0,0,0,0,0,0,0,0,0,0,0,0,0,0,0,0,0,0,0,0,0,0,0,0,0,0,0,0,0,0,0,0,0,0,0,0,0,0,0,0,0,0,0,0,0,0,0,0,0,0,0,0,0,0,0,0,0,0,1,0,0,0,0,0,0,0,0,0,0,0,0,0,0,0,0,0,0,0,0,1,0,0,0,0,0,0,0,0,0,0,0,0,0,0,1,0,0,0,0,0,0,0,0,0,0,1,0,0,0,0,0,0,0,0,0,0,0,0,0,0,2,0,0,0,0,1,0,0,0,0,0,0,1,1,0,1,0,0,0,0,0,0,0,1,0,0,0,1,0,1,0,1,1,0,1,0,0,0,0,2,0,2,0,1,0,2,0,0,1,1,0,0,0,0,1,2,0,0,0,1,1,0,1,0,0,1,0,0,0,2,0,4,1,0,2,0,2,1,0,0,1,0,1,0,3,0,0,1,2,1,0,2,0,4,0,1,3,2,1,2,1,1,1,1,1,2,0,1,1,0,4,2,1,3,2,2,1,1,3,1,1,3,1,1,0,4,1,3,3,0,2,1,0,0,1,2,1,0,0,3,1,3,3,4,0,2,1,1,1,4,6,4,2,0,2,2,1,4,3,5,5,5,2,3,2,3,2,3,7,6,5,6,4,4,2,3,4,8,3,2,4,8,4,3,5,2,3,4,3,8,2,11,11,10,6,3,6,4,4,7,8,7,9,3,4,13,4,7,9,5,4,9,6,5,3,4,10,7,9,9,7,6,6,5,4,11,8,4,11,10,10,7,11,4,9,12,13,10,7,9,13,13,11,8,12,14,15,8,15,17,4,8,14,9,11,18,12,11,12,18,8,17,17,14,20,22,9,11,14,14,21,14,15,12,17,26,15,15,16,15,10,20,14,14,21,22,16,19,18,23,17,20,24,13,26,29,18,27,24,20,20,20,23,15,24,29,23,25,24,27,21,17,32,20,20,23,24,17,33,21,23,18,28,27,28,32,29,34,29,31,29,17,28,28,24,25,31,38,30,29,24,32,27,35,37,36,37,24,39,42,33,47,39,43,41,33,35,42,43,38,41,48,32,48,46,45,48,38,32,51,41,44,55,35,62,54,59,63,54,50,63,52,52,35,38,66,58,56,66,48,62,59,64,65,72,59,47,67,60,59,63,54,78,62,56,64,55,67,57,42,61,57,56,62,79,87,74,66,61,72,102,75,95,78,87,83,74,77,80,80,79,99,82,103,115,97,93,90,109,106,90,78,84,95,76,87,115,87,107,101,92,86,92,122,106,101,97,122,91,118,109,125,108,121,125,129,125,120,129,112,129,128,129,152,127,117,141,123,132,126,123,142,120,147,154,163,149,159,154,150,157,142,133,169,148,148,168,149,166,148,158,149,170,160,156,178,193,184,174,194,189,173,203,198,176,187,193,196,204,197,220,198,200,192,211,207,205,225,208,225,226,214,220,237,257,240,210,216,253,235
S4500,0,0,0,0,0,0,0,0,0,0,0,0,0,0,0,0,0,0,0,0,0,0,0,0,0,0,0,0,0,0,0,0,0,0,0,0,0,0,0,0,0,0,0,0,0,0,0,0,0,0,0,0,0,0,0,0,0,0,0,0,0,0,0,0,0,0,0,0,0,0,0,0,0,0,0,0,0,0,0,0,0,0,0,0,0,0,0,0,0,0,0,0,0,0,0,0,0,0,0,0,0,0,0,0,0,0,0,0,0,0,0,0,0,0,0,0,0,0,0,0,0,0,0,0,0,0,0,0,0,0,0,0,0,0,0,0,0,0,0,0,0,0,0,0,0,0,0,0,0,0,0,0,0,0,0,0,0,0,0,0,0,0,0,0,0,0,0,0,0,0,0,0,0,0,0,0,0,0,0,0,0,0,0,0,0,0,0,0,0,0,0,0,0,0,0,0,0,0,0,0,0,0,0,0,0,0,0,0,0,0,0,0,0,0,0,0,0,0,0,0,0,0,0,0,0,0,0,0,0,0,0,0,0,0,0,0,0,0,0,0,0,0,0,0,0,0,0,0,0,0,0,0,0,0,0,0,0,0,0,0,0,0,0,0,0,0,0,0,0,0,0,0,0,0,0,0,0,0,0,0,0,0,0,0,0,0,0,0,0,0,0,0,0,0,0,0,1,0,0,0,0,0,0,0,0,0,0,0,0,0,0,0,0,0,0,0,0,0,0,0,0,0,0,0,0,0,0,0,0,0,0,0,0,1,0,0,1,0,0,0,0,0,0,0,0,0,0,0,0,0,0,0,0,0,0,0,0,0,0,0,0,0,0,0,0,0,0,0,0,0,0,0,0,0,0,0,0,0,0,0,0,0,0,0,0,0,0,0,0,0,0,0,0,0,0,0,0,0,1,0,0,0,0,0,0,0,0,0,0,0,0,0,0,0,0,0,0,0,0,1,0,0,0,0,1,0,0,0,0,0,0,0,0,0,1,0,0,0,0,0,0,0,0,0,0,1,0,0,0,0,0,0,0,0,0,0,0,0,0,0,2,0,0,0,0,1,0,0,0,0,0,0,1,1,0,1,0,0,0,0,0,0,0,1,0,0,0,1,0,1,0,1,1,0,1,0,0,0,0,2,0,2,0,1,0,2,0,0,1,1,0,0,0,0,1,2,0,0,0,1,1,0,1,0,0,1,0,0,0,2,0,4,1,0,2,0,2,1,0,0,1,0,1,0,3,0,0,1,2,1,0,2,0,4,0,1,3,2,1,3,1,1,1,1,1,2,0,1,2,0,4,2,1,3,2,2,1,1,3,1,1,3,1,1,0,4,1,3,3,0,2,1,0,0,1,2,1,0,0,3,1,3,3,4,0,2,1,1,1,4,6,4,2,0,2,2,1,4,3,5,5,5,2,3,2,3,2,3,7,6,5,6,4,4,2,3,5,8,3,2,4,8,4,3,5,2,3,4,3,8,2,11,11,10,6,3,6,4,4,7,8,7,9,3,4,13,4,7,9,5,4,9,6,6,3,4,10,7,9,9,7,6,7,5,4,11,8,4,12,10,10,7,11,5,10,12,13,10,8,10,13,14,11,8,12,14,15,8,17,18,4,8,14,9,11,18,12,11,13,18,9,17,17,14,20,22,10,11,15,15,22,15,15,12,17,26,15,15,16,15,10,20,14,14,21,22,17,20,19,23,17,20,24,13,26,30,18,28,24,20,21,20,24,16,25,29,24,26,25,29,21,19,32,20,21,24,26,18,33,21,23,22,29,27,29,32,30,34,31,31,29,18,28,28,24,26,32,38,31,29,25,32,28,35,38,38,37,24,39,42,34,48,39,43,42,34,36,42,43,38,41,50,33,48,46,45,49,38,34,51,41,44,56,35,63,55,60,64,55,52,63,52,56,37,38,70,59,58,68,48,63,62,65,65,75,61,47,69,61,62,63,56,79,63,56,66,57,67,57,45,64,57,59,66,80,88,77,67,61,75,103,75,96,79,88,84,77,79,81,80,80,99,85,105,116,98,93,93,111,110,93,79,85,98,79,92,116,88,112,104,92,88,92,125,113,102,99,124,94,120,111,127,111,123,127,131,125,122,131,113,129,134,130,155,132,118,143,126,135,126,128,143,122,150,156,165,149,163,157,153,157,143,138,174,154,152,175,153,170,150,163,152,175,163,159,181,194,188,178,199,190,174,206,204,182,191,197,205,208,199,222,201,207,195,216,214,213,231,213,226,232,217,225,243,260,250,215,221,259,241
S5000,0,0,0,0,0,0,0,0,0,0,0,0,0,0,0,0,0,0,0,0,0,0,0,0,0,0,0,0,0,0,0,0,0,0,0,0,0,0,0,0,0,0,0,0,0,0,0,0,0,0,0,0,0,0,0,0,0,0,0,0,0,0,0,0,0,0,0,0,0,0,0,0,0,0,0,0,0,0,0,0,0,0,0,0,0,0,0,0,0,0,0,0,0,0,0,0,0,0,0,0,0,0,0,0,0,0,0,0,0,0,0,0,0,0,0,0,0,0,0,0,0,0,0,0,0,0,0,0,0,0,0,0,0,0,0,0,0,0,0,0,0,0,0,0,0,0,0,0,0,0,0,0,0,0,0,0,0,0,0,0,0,0,0,0,0,0,0,0,0,0,0,0,0,0,0,0,0,0,0,0,0,0,0,0,0,0,0,0,0,0,0,0,0,0,0,0,0,0,0,0,0,0,0,0,0,0,0,0,0,0,0,0,0,0,0,0,0,0,0,0,0,0,0,0,0,0,0,0,0,0,0,0,0,0,0,0,0,0,0,0,0,0,0,0,0,0,0,0,0,0,0,0,0,0,0,0,0,0,0,0,0,0,0,0,0,0,0,0,0,0,0,0,0,0,0,0,0,0,0,0,0,0,0,0,0,0,0,0,0,0,0,0,0,0,0,0,1,0,0,0,0,0,0,0,0,0,0,0,0,0,0,0,0,0,0,0,0,0,0,0,0,0,0,0,0,0,0,0,0,0,0,0,0,1,0,0,1,0,0,0,0,0,0,0,0,0,0,0,0,0,0,0,0,0,0,0,0,0,0,0,0,0,0,0,0,0,0,0,0,0,0,0,0,0,0,0,0,0,0,0,0,0,0,0,0,0,0,0,0,0,0,0,0,0,0,0,0,0,1,0,0,0,0,0,0,0,0,0,0,0,0,0,0,0,0,0,0,0,0,1,0,0,0,0,1,0,0,0,0,0,0,0,0,0,1,0,0,0,0,0,0,0,0,0,0,1,0,0,0,0,0,0,0,0,0,0,0,0,0,0,2,0,0,0,0,1,0,0,0,0,0,0,1,1,0,1,0,0,0,0,0,0,0,1,0,0,0,1,0,1,0,1,1,0,1,0,0,0,0,2,0,2,0,1,0,2,0,0,1,1,0,0,0,0,1,2,0,0,0,1,1,0,2,0,0,1,0,0,0,2,0,4,1,0,2,0,2,1,0,0,1,0,1,0,3,0,0,1,2,1,0,2,0,4,0,1,3,2,1,3,1,1,1,1,1,2,0,1,2,0,4,2,1,3,2,2,1,1,3,1,1,3,1,2,0,4,1,3,3,0,2,1,0,0,1,2,1,1,0,3,1,3,3,4,0,2,1,1,1,4,6,5,2,0,2,2,2,4,3,5,5,5,2,3,3,3,2,3,7,6,5,6,4,4,2,3,5,8,3,3,4,8,4,3,5,2,3,4,3,8,2,11,11,10,6,4,6,4,4,8,8,8,9,3,4,14,5,7,9,5,4,9,6,6,3,5,10,7,9,9,7,6,7,5,4,11,9,4,12,11,10,7,11,5,10,12,14,10,8,10,13,14,11,10,13,14,15,9,18,19,4,8,14,9,12,18,12,11,14,18,9,17,18,14,20,22,10,11,15,16,22,15,15,12,17,27,16,15,17,15,10,22,14,14,22,22,19,20,19,23,18,20,25,13,26,31,19,29,25,20,21,21,25,16,28,29,25,28,25,29,22,21,34,21,21,24,27,19,34,21,23,22,30,27,29,32,31,35,32,31,29,18,28,29,26,26,32,39,33,29,27,33,29,37,39,39,38,24,39,43,34,48,39,45,43,34,36,42,45,38,41,50,34,50,48,45,49,38,34,51,41,45,56,36,65,56,60,64,56,53,65,52,56,38,40,71,60,59,71,51,65,63,65,66,76,63,49,69,62,62,64,56,81,64,56,67,58,69,58,45,67,57,60,67,80,88,78,68,64,77,105,77,97,79,91,85,77,80,81,83,80,103,86,105,119,99,97,95,115,112,94,81,85,99,80,94,120,91,113,106,92,89,95,128,116,106,100,129,98,122,114,135,115,126,130,133,127,126,136,115,130,135,134,156,132,119,146,127,137,126,133,146,124,153,161,167,155,168,158,155,159,144,143,179,157,153,179,158,171,154,164,156,175,166,163,186,205,194,179,204,192,176,211,208,185,191,204,208,211,204,226,206,209,198,221,224,220,237,218,233,237,221,228,248,265,255,217,225,264,244
S5500,0,0,0,0,0,0,0,0,0,0,0,0,0,0,0,0,0,0,0,0,0,0,0,0,0,0,0,0,0,0,0,0,0,0,0,0,0,0,0,0,0,0,0,0,0,0,0,0,0,0,0,0,0,0,0,0,0,0,0,0,0,0,0,0,0,0,0,0,0,0,0,0,0,0,0,0,0,0,0,0,0,0,0,0,0,0,0,0,0,0,0,0,0,0,0,0,0,0,0,0,0,0,0,0,0,0,0,0,0,0,0,0,0,0,0,0,0,0,0,0,0,0,0,0,0,0,0,0,0,0,0,0,0,0,0,0,0,0,0,0,0,0,0,0,0,0,0,0,0,0,0,0,0,0,0,0,0,0,0,0,0,0,0,0,0,0,0,0,0,0,0,0,0,0,0,0,0,0,0,0,0,0,0,0,0,0,0,0,0,0,0,0,0,0,0,0,0,0,0,0,0,0,0,0,0,0,0,0,0,0,0,0,0,0,0,0,0,0,0,0,0,0,0,0,0,0,0,0,0,0,0,0,0,0,0,0,0,0,0,0,0,0,0,0,0,0,0,0,0,0,0,0,0,0,0,0,0,0,0,0,0,0,0,0,0,0,0,0,0,0,0,0,0,0,0,0,0,0,0,0,0,0,0,0,0,0,0,0,0,0,0,0,0,0,0,0,1,0,0,0,0,0,0,0,0,0,0,0,0,0,0,0,0,0,0,0,0,0,0,0,0,0,0,0,0,0,0,0,0,0,0,0,0,1,0,0,1,0,0,0,0,0,0,0,0,0,0,0,0,0,0,0,0,0,0,0,0,0,0,0,0,0,0,0,0,0,0,0,0,0,0,0,0,0,0,0,0,0,0,0,0,0,0,0,0,0,0,0,0,0,0,0,0,0,0,0,0,0,1,0,0,0,0,0,0,0,0,0,0,0,0,0,0,0,0,0,0,0,0,1,0,0,0,0,1,0,0,0,0,0,0,0,0,0,1,0,0,0,0,0,0,0,0,0,0,1,0,0,0,0,0,0,0,0,0,0,0,0,0,0,2,0,0,0,0,1,0,0,0,0,0,0,1,1,0,1,0,0,0,0,0,0,0,1,0,0,0,1,0,1,0,1,1,1,1,0,0,0,0,2,0,2,0,1,0,2,0,0,1,1,0,0,1,0,1,2,0,0,0,1,1,0,2,0,0,1,0,0,0,3,0,4,1,0,2,0,2,1,0,0,1,0,1,0,3,0,0,1,2,1,0,2,0,4,0,1,3,2,1,3,1,2,1,1,1,2,0,2,2,0,4,2,1,3,2,2,1,1,3,1,1,3,1,2,0,4,1,3,4,0,2,1,0,0,1,2,1,1,0,3,1,3,3,4,0,2,1,1,1,4,6,5,2,0,2,2,2,4,3,5,5,5,2,3,3,3,2,3,7,6,5,6,4,4,2,3,5,8,3,3,4,8,4,3,5,2,3,4,3,8,2,11,11,10,6,4,6,4,5,8,8,8,9,3,5,15,5,7,9,5,4,9,6,6,3,5,10,7,9,10,7,6,7,5,4,11,9,4,12,12,10,8,13,5,10,12,15,10,8,10,13,14,13,11,13,14,15,9,18,19,4,8,14,9,13,18,12,12,14,19,9,17,18,14,20,22,10,12,15,16,23,16,15,13,17,27,17,15,17,16,11,23,14,15,23,22,20,21,20,23,20,20,25,13,26,31,19,29,25,20,23,23,25,17,29,31,25,29,25,29,23,21,35,21,21,24,27,20,34,21,23,22,30,27,30,32,31,36,32,31,29,19,28,29,28,29,33,41,35,30,29,35,30,39,39,39,38,25,39,43,34,48,41,48,44,34,37,43,45,39,42,50,35,51,50,45,50,40,35,51,44,47,58,36,66,60,61,67,58,56,65,52,56,38,46,71,60,59,73,52,65,64,67,66,76,65,50,71,62,62,68,57,82,65,57,68,58,71,63,45,68,57,63,68,81,92,78,72,68,78,107,79,97,80,92,86,80,82,85,88,80,104,87,108,120,99,100,96,119,113,95,88,86,100,81,95,120,92,113,106,93,90,99,128,118,108,101,130,98,124,116,139,116,129,133,136,127,128,138,119,132,135,137,157,133,122,149,133,138,129,135,151,129,154,167,168,161,172,158,160,161,146,146,183,161,155,182,161,173,157,166,162,176,172,164,188,208,197,180,206,197,182,220,213,189,196,211,212,216,206,231,212,217,201,226,230,225,239,224,236,242,223,231,255,268,257,222,227,270,247
S6000,0,0,0,0,0,0,0,0,0,0,0,0,0,0,0,0,0,0,0,0,0,0,0,0,0,0,0,0,0,0,0,0,0,0,0,0,0,0,0,0,0,0,0,0,0,0,0,0,0,0,0,0,0,0,0,0,0,0,0,0,0,0,0,0,0,0,0,0,0,0,0,0,0,0,0,0,0,0,0,0,0,0,0,0,0,0,0,0,0,0,0,0,0,0,0,0,0,0,0,0,0,0,0,0,0,0,0,0,0,0,0,0,0,0,0,0,0,0,0,0,0,0,0,0,0,0,0,0,0,0,0,0,0,0,0,0,0,0,0,0,0,0,0,0,0,0,0,0,0,0,0,0,0,0,0,0,0,0,0,0,0,0,0,0,0,0,0,0,0,0,0,0,0,0,0,0,0,0,0,0,0,0,0,0,0,0,0,0,0,0,0,0,0,0,0,0,0,0,0,0,0,0,0,0,0,0,0,0,0,0,0,0,0,0,0,0,0,0,0,0,0,0,0,0,0,0,0,0,0,0,0,0,0,0,0,0,0,0,0,0,0,0,0,0,0,0,0,0,0,0,0,0,0,0,0,0,0,0,0,0,0,0,0,0,0,0,0,0,0,0,0,0,0,0,0,0,0,0,0,0,0,0,0,0,0,0,0,0,0,0,0,0,0,0,0,0,1,0,0,0,0,0,0,0,0,0,0,0,0,0,0,0,0,0,0,0,0,0,0,0,0,0,0,0,0,0,0,0,0,0,0,0,0,1,0,0,1,0,0,0,0,0,0,0,0,0,0,0,0,0,0,0,0,0,0,0,0,0,0,0,0,0,0,0,0,0,0,0,0,0,0,0,0,0,0,0,0,0,0,0,0,0,0,0,0,0,0,0,0,0,0,0,0,0,0,0,0,0,1,0,0,0,0,0,0,0,0,0,0,0,0,0,0,0,0,0,0,0,0,1,0,0,0,0,1,0,0,0,0,0,0,0,0,0,1,0,0,0,0,0,0,0,0,0,0,1,0,0,0,0,0,0,0,0,0,0,0,0,0,0,2,0,0,0,0,1,0,0,0,0,0,0,1,1,0,1,0,0,0,0,0,0,0,1,0,0,0,1,0,1,0,1,1,1,1,0,0,0,0,2,0,2,0,1,0,2,0,0,1,1,0,0,1,0,1,2,0,0,0,1,1,0,2,0,0,1,0,0,0,3,0,4,1,0,2,0,2,1,0,0,1,0,1,0,3,0,0,1,2,1,0,2,0,4,0,1,3,2,1,3,1,2,1,1,1,2,0,2,2,0,4,2,1,3,2,2,1,1,3,1,1,3,1,2,0,4,1,3,4,0,2,1,0,0,1,2,1,1,0,3,1,3,3,4,0,2,1,1,1,4,6,5,2,0,2,3,2,4,3,6,5,5,3,3,4,3,2,3,7,6,5,6,4,4,2,3,5,8,3,3,4,8,4,3,5,2,3,5,3,8,3,11,11,11,6,4,6,4,5,9,8,8,9,3,5,15,5,7,9,5,4,9,6,6,3,5,11,7,10,10,7,6,7,5,5,11,10,4,12,12,10,8,13,5,10,12,15,11,9,10,13,14,14,11,14,16,16,10,18,19,5,8,14,9,13,19,13,12,15,19,9,17,18,14,21,22,10,12,15,16,23,16,15,13,17,28,17,16,17,16,11,23,14,15,25,22,21,21,21,23,20,20,25,14,26,31,19,29,25,20,23,23,25,17,30,31,25,29,25,29,23,21,37,21,21,24,28,20,34,21,23,23,32,28,31,32,34,36,33,32,31,19,28,30,28,29,37,41,35,30,29,35,30,39,40,39,40,25,39,43,36,50,41,49,46,34,38,43,45,40,42,51,37,52,50,45,51,41,36,52,44,47,58,39,67,60,64,68,59,58,66,53,57,38,46,72,61,59,74,52,66,65,68,67,79,67,52,71,62,66,69,57,83,68,57,70,59,71,63,48,70,59,63,68,82,94,78,75,70,79,107,82,99,80,94,86,81,82,87,88,82,105,89,110,121,100,102,96,120,114,97,91,87,103,83,99,121,92,116,107,96,92,99,129,120,113,104,131,102,124,121,142,119,130,136,138,127,129,140,122,134,139,139,158,137,123,153,138,145,133,140,155,133,156,170,170,164,175,160,164,165,153,148,187,162,158,185,163,177,162,171,166,178,175,166,191,214,199,182,213,201,189,224,218,194,200,215,213,219,209,232,218,223,205,234,239,228,243,225,242,250,229,237,258,274,264,227,234,275,253
S6500,0,0,0,0,0,0,0,0,0,0,0,0,0,0,0,0,0,0,0,0,0,0,0,0,0,0,0,0,0,0,0,0,0,0,0,0,0,0,0,0,0,0,0,0,0,0,0,0,0,0,0,0,0,0,0,0,0,0,0,0,0,0,0,0,0,0,0,0,0,0,0,0,0,0,0,0,0,0,0,0,0,0,0,0,0,0,0,0,0,0,0,0,0,0,0,0,0,0,0,0,0,0,0,0,0,0,0,0,0,0,0,0,0,0,0,0,0,0,0,0,0,0,0,0,0,0,0,0,0,0,0,0,0,0,0,0,0,0,0,0,0,0,0,0,0,0,0,0,0,0,0,0,0,0,0,0,0,0,0,0,0,0,0,0,0,0,0,0,0,0,0,0,0,0,0,0,0,0,0,0,0,0,0,0,0,0,0,0,0,0,0,0,0,0,0,0,0,0,0,0,0,0,0,0,0,0,0,0,0,0,0,0,0,0,0,0,0,0,0,0,0,0,0,0,0,0,0,0,0,0,0,0,0,0,0,0,0,0,0,0,0,0,0,0,0,0,0,0,0,0,0,0,0,0,0,0,0,0,0,0,0,0,0,0,0,0,0,0,0,0,0,0,0,0,0,0,0,0,0,0,0,0,0,0,0,0,0,0,0,0,0,0,0,0,0,0,1,0,0,0,0,0,0,0,0,0,0,0,0,0,0,0,0,0,0,0,0,0,0,0,0,0,0,0,0,0,0,0,0,0,0,0,0,1,0,0,1,0,0,0,0,0,0,0,0,0,0,0,0,0,0,0,0,0,0,0,0,0,0,0,0,0,0,0,0,0,0,0,0,0,0,0,0,0,0,0,0,0,0,0,0,0,0,0,0,0,0,0,0,0,0,0,0,0,0,0,0,0,1,0,0,0,0,0,0,0,0,0,0,0,0,0,0,0,0,0,0,0,0,1,0,0,0,0,1,0,0,0,0,0,0,0,0,0,1,0,0,0,0,0,0,0,0,0,0,1,0,0,0,0,0,0,0,0,0,0,0,0,0,0,2,0,0,0,0,1,0,0,0,0,0,0,1,1,0,1,0,0,0,0,0,0,0,1,0,0,0,1,0,1,0,1,1,1,1,0,0,0,0,2,0,2,0,1,0,2,0,0,1,1,0,0,1,0,1,2,0,0,0,1,1,0,2,0,0,1,0,0,0,3,0,4,1,0,2,0,2,1,0,0,1,0,1,0,3,0,0,1,2,1,0,2,0,4,0,1,3,2,1,3,1,2,1,1,1,2,0,2,2,0,4,2,1,3,2,3,2,1,3,1,1,3,1,2,0,4,1,3,4,0,2,1,0,0,1,2,1,1,0,3,1,3,3,4,0,2,1,1,1,4,6,5,2,0,2,3,3,4,3,6,5,5,3,3,4,3,2,3,8,7,5,6,4,4,2,3,5,8,3,3,5,8,4,3,6,2,3,5,3,8,3,11,11,11,6,4,6,4,5,9,8,8,9,4,5,15,5,7,9,5,4,9,6,6,3,5,11,7,10,10,7,6,7,5,5,12,10,4,12,12,10,8,14,5,10,12,15,11,9,10,14,14,14,11,14,16,16,10,18,19,5,8,14,9,13,19,13,12,15,19,9,17,18,14,21,22,12,14,15,16,24,16,15,13,17,28,17,17,19,16,11,24,14,16,25,22,21,21,22,23,20,20,25,14,26,32,19,30,25,20,23,23,26,18,30,31,25,30,25,29,23,21,38,22,21,25,28,21,35,21,23,25,33,28,32,32,35,37,35,32,31,20,28,32,29,29,39,42,36,30,31,35,30,40,40,39,41,25,39,46,36,52,41,50,48,34,39,43,45,40,42,52,37,53,51,45,51,41,37,52,44,49,60,39,67,63,66,68,63,59,66,55,59,38,46,72,62,61,77,55,67,65,69,67,80,69,54,73,63,68,69,57,86,70,59,72,59,71,65,48,71,60,65,70,84,94,79,78,72,79,110,83,100,82,95,88,82,84,87,88,84,108,91,112,123,101,106,97,124,119,98,93,88,105,84,101,123,94,117,108,98,93,99,133,124,116,106,135,104,126,124,144,119,131,137,139,127,131,144,126,137,143,142,160,138,131,159,140,149,136,144,158,139,160,174,174,166,179,161,165,168,155,151,190,167,161,189,168,183,165,175,169,183,181,171,193,214,201,186,216,205,193,232,223,198,207,222,218,227,212,236,223,226,207,238,245,233,245,231,245,256,235,239,262,277,270,229,235,280,258
S7000,0,0,0,0,0,0,0,0,0,0,0,0,0,0,0,0,0,0,0,0,0,0,0,0,0,0,0,0,0,0,0,0,0,0,0,0,0,0,0,0,0,0,0,0,0,0,0,0,0,0,0,0,0,0,0,0,0,0,0,0,0,0,0,0,0,0,0,0,0,0,0,0,0,0,0,0,0,0,0,0,0,0,0,0,0,0,0,0,0,0,0,0,0,0,0,0,0,0,0,0,0,0,0,0,0,0,0,0,0,0,0,0,0,0,0,0,0,0,0,0,0,0,0,0,0,0,0,0,0,0,0,0,0,0,0,0,0,0,0,0,0,0,0,0,0,0,0,0,0,0,0,0,0,0,0,0,0,0,0,0,0,0,0,0,0,0,0,0,0,0,0,0,0,0,0,0,0,0,0,0,0,0,0,0,0,0,0,0,0,0,0,0,0,0,0,0,0,0,0,0,0,0,0,0,0,0,0,0,0,0,0,0,0,0,0,0,0,0,0,0,0,0,0,0,0,0,0,0,0,0,0,0,0,0,0,0,0,0,0,0,0,0,0,0,0,0,0,0,0,0,0,0,0,0,0,0,0,0,0,0,0,0,0,0,0,0,0,0,0,0,0,0,0,0,0,0,0,0,0,0,0,0,0,0,0,0,0,0,0,0,0,0,0,0,0,0,1,0,0,0,0,0,0,0,0,0,0,0,0,0,0,0,0,0,0,0,0,0,0,0,0,0,0,0,0,0,0,0,0,0,0,0,0,1,0,0,1,0,0,0,0,0,0,0,0,0,0,0,0,0,0,0,0,0,0,0,0,0,0,0,0,0,0,0,0,0,0,0,0,0,0,0,0,0,0,0,0,0,0,0,0,0,0,0,0,0,0,0,0,0,0,0,0,0,0,0,0,0,1,0,0,0,0,0,0,0,0,0,0,0,0,0,0,0,0,0,0,0,0,1,0,0,0,0,1,0,0,0,0,0,0,0,0,0,1,0,0,0,0,0,0,0,0,0,0,1,0,0,0,0,0,0,0,0,0,0,0,0,0,0,2,0,0,0,0,1,0,0,0,0,0,0,1,1,0,1,0,0,0,0,0,0,1,1,0,0,0,1,0,1,0,1,1,1,1,0,0,0,0,2,0,2,0,1,0,2,0,0,1,1,0,0,1,0,1,2,0,0,0,1,1,0,2,0,0,1,0,0,0,3,0,4,1,0,2,0,2,1,0,0,1,0,1,0,3,0,0,1,2,1,0,2,0,4,0,1,3,2,1,3,1,2,1,1,1,2,0,2,2,0,4,2,1,3,2,3,2,1,3,1,1,3,1,2,0,4,1,3,4,0,2,1,0,0,1,2,1,1,0,3,1,3,3,4,0,2,1,2,1,4,6,5,2,0,2,3,3,5,4,6,5,5,3,3,4,3,2,3,8,8,5,6,4,4,3,3,5,8,3,3,5,8,4,3,6,2,3,5,3,8,3,11,11,12,6,5,6,4,5,9,8,8,9,4,5,15,5,7,9,6,4,9,6,6,3,5,11,7,10,11,7,6,7,6,5,12,11,4,12,12,10,8,14,5,11,13,15,11,9,11,15,16,14,11,15,16,16,10,18,19,5,8,14,9,13,19,13,12,17,19,11,17,18,14,21,22,12,14,16,16,24,17,15,13,17,29,17,17,20,18,12,24,14,16,25,22,22,22,22,23,20,20,26,14,26,32,20,30,27,20,24,23,26,19,32,31,25,31,25,29,25,22,38,24,22,25,28,21,35,23,24,25,35,28,32,32,37,37,35,32,31,20,28,32,31,29,39,43,36,30,31,36,30,41,40,39,41,30,39,46,37,53,41,50,48,35,40,44,46,42,42,53,38,54,52,46,53,44,38,52,45,50,62,39,68,63,68,69,64,61,66,56,59,41,47,73,62,61,78,56,68,65,70,69,80,71,55,76,64,69,71,60,88,72,59,75,61,71,67,49,72,61,66,73,84,97,80,80,73,79,113,84,101,86,96,91,82,84,89,90,84,111,91,113,123,101,106,104,126,120,99,96,91,110,85,104,124,96,118,112,102,95,102,133,125,117,109,137,106,131,125,145,119,134,139,143,133,131,145,126,138,149,146,162,143,133,164,143,151,139,147,163,144,164,176,176,166,179,161,165,173,160,152,192,170,161,193,172,186,168,177,174,189,182,172,195,220,204,189,220,207,199,236,230,201,209,228,224,235,213,241,227,228,210,243,251,236,251,238,250,261,242,241,267,281,280,232,240,288,261
S7500,0,0,0,0,0,0,0,0,0,0,0,0,0,0,0,0,0,0,0,0,0,0,0,0,0,0,0,0,0,0,0,0,0,0,0,0,0,0,0,0,0,0,0,0,0,0,0,0,0,0,0,0,0,0,0,0,0,0,0,0,0,0,0,0,0,0,0,0,0,0,0,0,0,0,0,0,0,0,0,0,0,0,0,0,0,0,0,0,0,0,0,0,0,0,0,0,0,0,0,0,0,0,0,0,0,0,0,0,0,0,0,0,0,0,0,0,0,0,0,0,0,0,0,0,0,0,0,0,0,0,0,0,0,0,0,0,0,0,0,0,0,0,0,0,0,0,0,0,0,0,0,0,0,0,0,0,0,0,0,0,0,0,0,0,0,0,0,0,0,0,0,0,0,0,0,0,0,0,0,0,0,0,0,0,0,0,0,0,0,0,0,0,0,0,0,0,0,0,0,0,0,0,0,0,0,0,0,0,0,0,0,0,0,0,0,0,0,0,0,0,0,0,0,0,0,0,0,0,0,0,0,0,0,0,0,0,0,0,0,0,0,0,0,0,0,0,0,0,0,0,0,0,0,0,0,0,0,0,0,0,0,0,0,0,0,0,0,0,0,0,0,0,0,0,0,0,0,0,0,0,0,0,0,0,0,0,0,0,0,0,0,0,0,0,0,0,1,0,0,0,0,0,0,0,0,0,0,0,0,0,0,0,0,0,0,0,0,0,0,0,0,0,0,0,0,0,0,0,0,0,0,0,0,1,0,0,1,0,0,0,0,0,0,0,0,0,0,0,0,0,0,0,0,0,0,0,0,0,0,0,0,0,0,0,0,0,0,0,0,0,0,0,0,0,0,0,0,0,0,0,0,0,0,0,0,0,0,0,0,0,0,0,0,0,0,0,0,0,1,0,0,0,0,0,0,0,0,0,0,0,0,0,0,0,0,0,0,0,0,1,0,0,0,0,1,0,0,0,0,0,0,0,0,0,1,0,0,0,0,0,0,0,0,0,0,1,0,0,0,0,0,0,0,0,0,0,1,0,0,0,2,0,0,0,0,1,0,0,0,0,0,0,1,1,0,1,0,0,0,0,0,0,1,1,0,0,0,1,0,1,0,1,1,1,1,0,0,0,0,2,0,2,0,1,0,2,0,0,1,1,0,0,1,0,1,2,0,0,0,1,1,0,2,0,0,1,0,0,0,3,0,4,1,0,2,0,2,1,0,0,1,0,1,0,3,0,0,1,2,1,0,2,0,4,0,1,3,2,1,3,1,2,1,1,1,2,0,2,2,0,4,2,1,3,2,3,2,1,3,1,1,3,1,2,0,4,1,3,4,0,2,1,0,0,1,2,1,1,0,3,1,3,3,4,0,2,1,2,1,4,6,5,2,1,2,3,3,6,4,6,5,5,3,3,4,3,2,3,8,8,5,6,5,4,3,3,5,8,3,3,5,8,4,3,6,3,3,5,3,8,4,11,11,13,6,5,6,4,5,9,8,8,9,4,5,15,5,7,9,7,4,9,6,6,3,5,11,7,10,11,7,6,7,6,5,12,12,5,12,12,10,8,14,5,11,13,16,11,9,11,15,18,14,11,15,16,16,11,18,19,5,8,15,10,13,19,14,12,17,19,11,17,18,14,21,23,12,15,17,16,25,19,15,13,18,29,17,17,20,19,12,25,14,17,25,23,22,22,22,24,21,20,27,16,26,32,20,31,27,20,24,24,26,19,35,32,25,33,25,29,25,22,38,25,22,25,28,22,35,23,24,26,35,28,32,33,40,37,35,32,31,23,28,33,31,29,39,44,38,30,32,37,31,42,43,39,41,32,39,47,38,53,41,51,49,35,40,45,50,45,43,55,38,54,53,48,54,45,38,52,48,50,62,39,70,64,70,69,65,62,66,57,59,42,48,73,62,61,79,56,70,66,72,69,80,72,57,76,64,70,72,60,89,74,59,76,62,71,67,51,73,64,67,77,86,98,82,82,76,80,113,86,104,90,100,91,85,85,90,90,86,114,93,113,126,104,106,104,129,122,106,100,92,110,88,109,126,102,120,117,102,98,103,135,125,118,110,137,108,133,126,146,124,138,140,145,133,134,148,128,142,150,148,162,145,136,167,145,152,145,150,167,147,167,180,178,169,185,164,165,175,161,157,198,173,166,196,176,188,174,185,179,192,184,175,196,223,210,194,225,211,200,242,231,205,213,235,225,238,221,246,233,234,211,245,253,245,254,241,254,264,250,250,271,286,285,233,244,292,265
S8000,0,0,0,0,0,0,0,0,0,0,0,0,0,0,0,0,0,0,0,0,0,0,0,0,0,0,0,0,0,0,0,0,0,0,0,0,0,0,0,0,0,0,0,0,0,0,0,0,0,0,0,0,0,0,0,0,0,0,0,0,0,0,0,0,0,0,0,0,0,0,0,0,0,0,0,0,0,0,0,0,0,0,0,0,0,0,0,0,0,0,0,0,0,0,0,0,0,0,0,0,0,0,0,0,0,0,0,0,0,0,0,0,0,0,0,0,0,0,0,0,0,0,0,0,0,0,0,0,0,0,0,0,0,0,0,0,0,0,0,0,0,0,0,0,0,0,0,0,0,0,0,0,0,0,0,0,0,0,0,0,0,0,0,0,0,0,0,0,0,0,0,0,0,0,0,0,0,0,0,0,0,0,0,0,0,0,0,0,0,0,0,0,0,0,0,0,0,0,0,0,0,0,0,0,0,0,0,0,0,0,0,0,0,0,0,0,0,0,0,0,0,0,0,0,0,0,0,0,0,0,0,0,0,0,0,0,0,0,0,0,0,0,0,0,0,0,0,0,0,0,0,0,0,0,0,0,0,0,0,0,0,0,0,0,0,0,0,0,0,0,0,0,0,0,0,0,0,0,0,0,0,0,0,0,0,0,0,0,0,0,0,0,0,0,0,0,1,0,0,0,0,0,0,0,0,0,0,0,0,0,0,0,0,0,0,0,0,0,0,0,0,0,0,0,0,0,0,0,0,0,0,0,0,1,0,0,1,0,0,0,0,0,0,0,0,0,0,0,0,0,0,0,0,0,0,0,0,0,0,0,0,0,0,0,0,0,0,0,0,0,0,0,0,0,0,0,0,0,0,0,0,0,0,0,0,0,0,0,0,0,0,0,0,0,0,0,0,0,1,0,0,0,0,0,0,0,0,0,0,0,0,0,0,0,0,0,0,0,0,1,0,0,0,0,1,0,0,0,0,0,0,0,0,0,1,0,0,0,0,0,0,0,0,0,0,1,0,0,0,0,0,0,0,0,0,0,1,0,0,0,2,0,0,0,0,1,0,0,0,0,0,0,1,1,0,1,0,0,0,0,0,0,1,1,0,0,0,1,0,1,0,1,1,1,1,0,0,0,0,2,0,2,0,1,0,2,0,0,1,1,0,0,1,0,1,2,0,0,0,1,1,0,2,0,0,1,0,0,0,3,0,4,1,0,2,0,2,1,0,0,1,0,1,0,3,0,0,1,2,1,0,2,0,4,0,1,3,2,1,3,1,2,1,1,1,2,0,3,2,0,4,2,1,3,2,3,2,1,3,1,1,3,1,2,0,4,1,3,4,0,2,1,0,0,1,2,1,1,0,3,1,3,3,4,0,2,1,2,1,4,6,5,2,1,2,4,3,6,4,7,5,5,4,3,4,3,2,3,8,8,5,6,5,4,3,4,5,8,3,3,5,8,4,3,6,3,3,5,3,8,4,11,11,14,6,5,6,4,5,9,9,8,9,4,5,15,5,7,9,7,4,9,6,6,3,6,11,7,10,11,7,6,7,6,5,12,12,5,12,12,10,9,14,5,11,13,17,11,9,11,15,18,14,11,15,16,16,11,18,19,5,9,15,10,13,19,14,12,17,19,11,17,19,14,21,25,12,15,17,18,25,19,15,13,18,29,17,18,21,19,12,26,14,18,25,23,22,24,22,24,21,20,27,18,27,32,20,31,28,21,25,25,26,19,35,32,28,34,25,29,26,23,38,25,22,26,28,22,35,23,24,26,35,28,34,34,40,37,36,33,31,23,28,33,31,30,40,44,38,30,32,37,32,43,43,39,42,33,39,49,41,53,41,51,49,38,40,47,51,46,43,55,38,54,55,49,55,45,39,53,51,51,62,40,70,65,73,69,65,62,68,58,61,47,48,73,62,62,80,56,71,66,72,69,81,74,59,79,64,70,72,62,92,75,60,77,64,74,67,51,73,64,68,78,88,100,85,84,78,82,114,87,104,92,100,93,87,88,95,93,90,116,96,114,127,105,109,107,132,126,108,103,93,112,90,109,128,104,122,119,103,99,108,135,130,122,112,138,111,133,130,146,125,141,145,145,135,138,149,130,144,154,153,165,149,139,169,150,154,153,153,170,150,169,181,179,172,188,166,168,179,162,162,199,176,168,200,181,192,179,186,184,196,187,184,197,229,212,199,232,214,204,248,234,207,218,244,229,243,225,250,240,236,217,250,255,253,258,243,261,269,253,252,276,293,291,236,249,295,266
S8500,0,0,0,0,0,0,0,0,0,0,0,0,0,0,0,0,0,0,0,0,0,0,0,0,0,0,0,0,0,0,0,0,0,0,0,0,0,0,0,0,0,0,0,0,0,0,0,0,0,0,0,0,0,0,0,0,0,0,0,0,0,0,0,0,0,0,0,0,0,0,0,0,0,0,0,0,0,0,0,0,0,0,0,0,0,0,0,0,0,0,0,0,0,0,0,0,0,0,0,0,0,0,0,0,0,0,0,0,0,0,0,0,0,0,0,0,0,0,0,0,0,0,0,0,0,0,0,0,0,0,0,0,0,0,0,0,0,0,0,0,0,0,0,0,0,0,0,0,0,0,0,0,0,0,0,0,0,0,0,0,0,0,0,0,0,0,0,0,0,0,0,0,0,0,0,0,0,0,0,0,0,0,0,0,0,0,0,0,0,0,0,0,0,0,0,0,0,0,0,0,0,0,0,0,0,0,0,0,0,0,0,0,0,0,0,0,0,0,0,0,0,0,0,0,0,0,0,0,0,0,0,0,0,0,0,0,0,0,0,0,0,0,0,0,0,0,0,0,0,0,0,0,0,0,0,0,0,0,0,0,0,0,0,0,0,0,0,0,0,0,0,0,0,0,0,0,0,0,0,0,0,0,0,0,0,0,0,0,0,0,0,0,0,0,0,0,1,0,0,0,0,0,0,0,0,0,0,0,0,0,0,0,0,0,0,0,0,0,0,0,0,0,0,0,0,0,0,0,0,0,0,0,0,1,0,0,1,0,0,0,0,0,0,0,0,0,0,0,0,0,0,0,0,0,0,0,0,0,0,0,0,0,0,0,0,0,0,0,0,0,0,0,0,0,0,0,0,0,0,0,0,0,0,0,0,0,0,0,0,0,0,0,0,0,0,0,0,0,1,0,0,0,0,0,0,0,0,0,0,0,0,0,0,0,0,0,0,0,0,1,0,0,0,0,1,0,0,0,0,0,0,0,0,0,1,0,0,0,0,0,0,0,0,0,0,1,0,0,0,0,0,0,0,0,0,0,1,0,0,0,2,0,0,0,0,1,0,0,0,0,0,0,1,1,0,1,0,0,0,0,0,0,1,1,0,0,0,1,0,1,0,1,1,1,1,0,0,0,0,2,0,2,0,1,0,2,0,0,1,1,0,0,1,0,1,2,0,0,0,1,1,0,2,0,0,2,0,0,0,3,0,4,1,0,2,0,2,1,0,0,1,0,1,0,3,0,0,1,2,1,0,2,0,4,0,1,3,2,1,3,1,2,1,2,1,3,0,3,2,0,4,2,1,3,2,3,2,1,3,1,1,3,1,2,1,4,1,3,4,0,2,1,0,0,1,3,1,1,0,3,1,3,3,4,0,2,1,2,2,5,6,5,2,1,2,4,3,6,4,7,5,5,4,3,4,3,2,3,8,9,5,6,5,4,3,5,6,8,3,3,5,8,4,3,6,3,3,5,3,8,4,11,11,15,6,5,6,4,6,9,9,8,9,5,5,15,5,7,9,7,4,9,6,6,3,6,11,8,10,11,8,6,7,6,5,12,12,6,12,12,10,9,15,5,11,13,17,11,9,11,15,18,14,11,15,17,16,11,18,19,5,10,17,10,14,19,14,13,17,19,11,17,19,15,21,25,12,15,18,19,26,19,16,13,18,29,17,18,21,20,13,26,14,18,26,23,22,25,23,24,21,20,27,18,28,33,21,31,28,22,25,25,27,20,35,33,28,34,27,29,26,24,38,25,22,26,28,24,35,24,24,26,35,29,35,34,40,37,39,34,31,24,28,33,31,31,40,45,38,30,32,38,33,45,43,39,43,34,39,50,41,53,41,51,50,39,40,48,51,47,43,56,38,56,55,51,55,45,40,54,51,51,62,43,71,68,74,69,67,64,68,63,61,49,50,74,62,62,81,59,72,68,73,69,83,74,59,79,69,72,72,65,92,79,60,79,66,76,68,55,74,66,69,78,88,102,85,86,81,85,118,87,105,94,101,93,88,91,97,93,94,117,102,116,131,108,111,108,134,129,109,105,94,113,90,109,128,106,125,120,106,101,112,136,131,125,112,141,115,134,132,150,129,146,149,147,138,141,154,130,148,159,155,165,150,142,172,154,157,159,155,176,151,171,184,179,175,190,171,171,180,162,163,201,179,171,204,184,193,183,188,187,198,191,187,199,237,216,203,237,218,207,251,239,215,221,247,235,247,234,254,244,238,218,253,260,256,259,247,263,275,257,260,280,299,293,241,256,306,268
S9000,0,0,0,0,0,0,0,0,0,0,0,0,0,0,0,0,0,0,0,0,0,0,0,0,0,0,0,0,0,0,0,0,0,0,0,0,0,0,0,0,0,0,0,0,0,0,0,0,0,0,0,0,0,0,0,0,0,0,0,0,0,0,0,0,0,0,0,0,0,0,0,0,0,0,0,0,0,0,0,0,0,0,0,0,0,0,0,0,0,0,0,0,0,0,0,0,0,0,0,0,0,0,0,0,0,0,0,0,0,0,0,0,0,0,0,0,0,0,0,0,0,0,0,0,0,0,0,0,0,0,0,0,0,0,0,0,0,0,0,0,0,0,0,0,0,0,0,0,0,0,0,0,0,0,0,0,0,0,0,0,0,0,0,0,0,0,0,0,0,0,0,0,0,0,0,0,0,0,0,0,0,0,0,0,0,0,0,0,0,0,0,0,0,0,0,0,0,0,0,0,0,0,0,0,0,0,0,0,0,0,0,0,0,0,0,0,0,0,0,0,0,0,0,0,0,0,0,0,0,0,0,0,0,0,0,0,0,0,0,0,0,0,0,0,0,0,0,0,0,0,0,0,0,0,0,0,0,0,0,0,0,0,0,0,0,0,0,0,0,0,0,0,0,0,0,0,0,0,0,0,0,0,0,0,0,0,0,0,0,0,0,0,0,0,0,0,1,0,0,0,0,0,0,0,0,0,0,0,0,0,0,0,0,0,0,0,0,0,0,0,0,0,0,0,0,0,0,0,0,0,0,0,0,1,0,0,1,0,0,0,0,0,0,0,0,0,0,0,0,0,0,0,0,0,0,0,0,0,0,0,0,0,0,0,0,0,0,0,0,0,0,0,0,0,0,0,0,0,0,0,0,0,0,0,0,0,0,0,0,0,0,0,0,0,0,0,0,0,1,0,0,0,0,0,0,0,0,0,0,0,0,0,0,0,0,0,0,0,0,1,0,0,0,0,1,0,0,0,0,0,0,0,0,0,1,0,0,0,0,0,0,0,0,0,0,1,0,0,0,1,0,0,0,0,0,0,1,0,0,0,2,0,0,0,0,1,0,0,0,0,0,0,1,1,0,1,0,0,0,0,0,0,1,1,0,0,0,1,0,1,0,1,1,1,1,0,0,0,0,2,0,2,0,1,0,2,0,0,1,1,0,0,1,0,1,2,0,0,0,1,1,0,2,0,0,2,0,0,0,3,0,4,1,0,2,0,2,1,0,0,1,0,1,0,3,0,0,1,2,1,0,2,0,4,0,1,3,2,1,3,1,3,1,2,1,3,0,3,2,0,4,2,1,3,2,3,2,1,3,1,1,3,1,2,1,4,1,3,4,0,2,1,0,0,1,3,1,1,0,3,1,3,3,5,0,2,1,2,2,5,6,5,2,1,2,4,3,7,4,7,5,5,5,3,4,3,2,3,8,9,5,6,5,4,3,5,7,8,3,4,5,8,4,3,6,3,3,6,3,8,4,11,11,15,6,5,6,4,6,9,9,8,9,5,5,15,5,7,10,7,4,9,6,6,3,6,11,8,10,11,8,6,7,6,5,12,12,6,12,13,10,9,15,5,11,13,17,11,9,11,15,19,16,11,15,17,16,12,18,19,5,10,18,10,14,19,15,14,17,19,11,18,19,15,21,25,12,16,19,19,26,19,16,13,18,29,18,18,22,20,15,27,14,18,26,24,22,25,23,25,21,21,28,18,31,34,22,31,28,22,25,25,29,20,35,33,29,35,27,30,27,24,38,26,23,27,29,25,35,27,24,27,35,29,35,34,41,40,39,35,32,25,29,33,32,31,41,46,38,32,32,39,33,45,43,39,44,34,40,51,41,53,46,51,50,41,40,50,51,47,43,57,39,56,55,53,59,45,40,54,52,52,62,44,72,69,77,71,68,66,68,64,62,49,52,74,62,62,82,60,74,68,73,69,84,76,59,81,71,73,73,68,93,80,61,79,67,80,69,57,76,66,69,79,90,106,88,90,83,86,121,88,107,94,105,97,91,94,98,94,94,117,104,118,132,111,113,108,136,133,110,108,97,114,90,110,129,109,128,122,106,104,113,137,133,128,114,144,118,136,134,150,130,149,151,148,141,148,157,131,149,163,157,166,153,143,175,156,161,161,160,177,156,174,186,181,180,193,173,174,185,165,166,204,184,176,205,185,199,183,191,190,201,194,191,203,242,219,209,241,220,211,253,242,217,224,249,240,252,236,255,249,241,228,260,270,263,264,250,263,277,259,265,284,304,298,245,264,313,276
S9500,0,0,0,0,0,0,0,0,0,0,0,0,0,0,0,0,0,0,0,0,0,0,0,0,0,0,0,0,0,0,0,0,0,0,0,0,0,0,0,0,0,0,0,0,0,0,0,0,0,0,0,0,0,0,0,0,0,0,0,0,0,0,0,0,0,0,0,0,0,0,0,0,0,0,0,0,0,0,0,0,0,0,0,0,0,0,0,0,0,0,0,0,0,0,0,0,0,0,0,0,0,0,0,0,0,0,0,0,0,0,0,0,0,0,0,0,0,0,0,0,0,0,0,0,0,0,0,0,0,0,0,0,0,0,0,0,0,0,0,0,0,0,0,0,0,0,0,0,0,0,0,0,0,0,0,0,0,0,0,0,0,0,0,0,0,0,0,0,0,0,0,0,0,0,0,0,0,0,0,0,0,0,0,0,0,0,0,0,0,0,0,0,0,0,0,0,0,0,0,0,0,0,0,0,0,0,0,0,0,0,0,0,0,0,0,0,0,0,0,0,0,0,0,0,0,0,0,0,0,0,0,0,0,0,0,0,0,0,0,0,0,0,0,0,0,0,0,0,0,0,0,0,0,0,0,0,0,0,0,0,0,0,0,0,0,0,0,0,0,0,0,0,0,0,0,0,0,0,0,0,0,0,0,0,0,0,0,0,0,0,0,0,0,0,0,0,1,0,0,0,0,0,0,0,0,0,0,0,0,0,0,0,0,0,0,0,0,0,0,0,0,0,0,0,0,0,0,0,0,0,0,0,0,1,0,0,1,0,0,0,0,0,0,0,0,0,0,0,0,0,0,0,0,0,0,0,0,0,0,0,0,0,0,0,0,0,0,0,0,0,0,0,0,0,0,0,0,0,0,0,0,0,0,0,0,0,0,0,0,0,0,0,0,0,0,0,0,0,1,0,0,0,0,0,0,0,0,0,0,0,0,0,0,0,0,0,0,0,0,1,0,0,0,0,1,0,0,0,0,0,0,0,0,0,1,0,0,0,1,0,0,0,0,0,0,1,0,0,0,1,0,0,0,0,0,0,1,0,0,0,2,0,0,0,0,1,0,0,0,0,0,0,1,1,0,1,0,0,0,0,0,0,1,1,0,0,0,2,0,1,0,1,1,1,1,0,0,0,0,2,1,2,0,1,0,2,0,0,1,1,0,0,1,0,1,2,0,0,0,1,1,0,2,0,0,2,0,0,0,3,0,4,1,0,2,0,2,1,0,0,1,0,1,0,3,0,0,1,2,1,0,2,0,4,0,1,3,2,1,3,2,3,1,2,1,3,0,3,2,0,4,2,1,3,2,3,2,1,3,1,1,3,1,2,1,4,1,3,4,1,2,1,0,0,1,3,2,1,0,3,1,3,3,5,0,2,1,2,2,6,6,5,2,2,2,4,3,7,4,7,5,6,5,3,4,3,2,4,8,9,5,6,5,4,3,5,7,8,3,4,5,8,4,3,6,3,3,7,3,8,4,11,11,16,6,5,6,4,8,9,9,8,9,5,5,15,5,7,10,8,4,9,7,6,3,6,12,8,10,11,8,6,7,6,5,13,12,6,12,14,10,9,15,5,11,13,17,11,9,11,15,19,16,11,15,17,16,12,18,19,5,10,18,10,14,19,15,14,17,19,11,19,19,15,21,25,12,16,19,19,26,20,18,14,18,29,18,19,22,20,15,28,14,19,26,25,22,25,24,25,21,22,28,19,31,34,22,32,28,22,25,25,30,21,36,33,30,35,28,30,29,24,38,26,23,27,31,26,35,29,25,27,36,29,36,36,42,40,40,35,32,25,29,33,32,31,41,46,38,32,33,39,34,47,43,39,44,34,40,51,42,55,46,51,53,41,41,53,53,47,43,59,42,57,56,53,60,46,41,56,53,53,62,45,73,69,78,72,71,72,69,64,63,52,55,74,66,63,83,60,75,70,77,71,85,78,62,81,72,73,74,69,93,81,63,79,68,81,72,59,77,66,69,80,91,108,88,91,85,87,123,89,108,97,106,99,92,97,99,95,94,117,107,119,132,112,114,110,138,137,113,110,98,115,94,112,130,110,128,122,112,107,117,137,137,133,115,147,119,136,135,152,134,151,155,151,141,151,160,133,155,171,160,167,159,147,178,158,162,162,162,180,162,176,189,182,180,196,175,174,189,171,169,208,190,178,207,189,200,185,192,197,204,197,201,203,248,223,212,248,223,213,254,251,220,227,249,245,255,242,260,253,247,233,260,273,269,269,253,269,279,262,268,289,306,308,251,269,322,277
S10000,0,0,0,0,0,0,0,0,0,0,0,0,0,0,0,0,0,0,0,0,0,0,0,0,0,0,0,0,0,0,0,0,0,0,0,0,0,0,0,0,0,0,0,0,0,0,0,0,0,0,0,0,0,0,0,0,0,0,0,0,0,0,0,0,0,0,0,0,0,0,0,0,0,0,0,0,0,0,0,0,0,0,0,0,0,0,0,0,0,0,0,0,0,0,0,0,0,0,0,0,0,0,0,0,0,0,0,0,0,0,0,0,0,0,0,0,0,0,0,0,0,0,0,0,0,0,0,0,0,0,0,0,0,0,0,0,0,0,0,0,0,0,0,0,0,0,0,0,0,0,0,0,0,0,0,0,0,0,0,0,0,0,0,0,0,0,0,0,0,0,0,0,0,0,0,0,0,0,0,0,0,0,0,0,0,0,0,0,0,0,0,0,0,0,0,0,0,0,0,0,0,0,0,0,0,0,0,0,0,0,0,0,0,0,0,0,0,0,0,0,0,0,0,0,0,0,0,0,0,0,0,0,0,0,0,0,0,0,0,0,0,0,0,0,0,0,0,0,0,0,0,0,0,0,0,0,0,0,0,0,0,0,0,0,0,0,0,0,0,0,0,0,0,0,0,0,0,0,0,0,0,0,0,0,0,0,0,0,0,0,0,0,0,0,0,0,1,0,0,0,0,0,0,0,0,0,0,0,0,0,0,0,0,0,0,0,0,0,0,0,0,0,0,0,0,0,0,0,0,0,0,0,0,1,0,0,1,0,0,0,0,0,0,0,0,0,0,0,0,0,0,0,0,0,0,0,0,0,0,0,0,0,0,0,0,0,0,0,0,0,0,0,0,0,0,0,0,0,0,0,0,0,0,0,0,0,0,0,0,0,0,0,0,0,0,0,0,0,1,0,0,0,0,0,0,0,0,0,0,0,0,0,0,0,0,0,1,0,0,1,0,0,0,0,1,0,0,0,0,0,0,0,0,0,1,0,0,0,1,0,0,0,0,0,0,1,0,0,0,1,0,0,0,0,0,0,1,0,0,0,2,0,0,0,0,1,0,0,0,0,0,0,1,1,0,1,0,0,0,0,0,0,1,1,0,0,0,2,0,1,0,1,1,1,1,0,0,0,0,2,1,2,0,1,1,2,0,0,1,1,0,0,1,0,1,2,0,0,1,1,2,0,2,0,0,2,0,0,0,3,0,4,1,0,2,0,2,1,1,0,1,0,1,0,4,0,0,1,2,1,1,2,0,4,0,1,3,2,1,3,2,3,1,2,1,3,0,3,2,0,5,2,1,3,2,3,2,1,3,1,1,3,1,3,1,4,1,3,5,1,2,1,0,0,1,3,2,1,0,3,1,3,4,5,0,2,1,2,2,6,6,5,3,2,2,4,3,7,4,7,5,6,5,3,4,3,2,4,8,9,5,6,5,4,3,5,7,8,3,4,5,8,4,3,6,3,4,7,4,8,4,11,11,16,6,5,6,4,8,9,9,8,9,5,5,15,5,7,10,8,4,9,7,6,3,6,12,8,10,12,8,6,7,6,5,13,12,6,12,14,10,9,15,5,11,13,17,11,9,11,15,19,16,11,15,18,16,12,18,19,5,10,19,10,14,20,15,15,18,19,11,19,20,15,21,25,12,16,20,19,28,20,18,14,18,30,19,19,23,21,16,29,15,19,26,25,22,26,24,26,21,22,28,21,32,34,22,32,28,22,26,25,30,21,37,34,30,35,28,31,29,25,38,26,25,29,32,26,35,29,28,28,36,29,36,37,43,40,41,35,33,25,31,33,32,31,41,46,38,33,33,40,34,48,44,41,44,36,40,51,42,57,48,51,53,42,43,53,55,47,43,59,43,59,56,54,61,46,42,57,54,55,62,46,75,72,78,73,72,72,72,64,63,53,55,74,67,66,84,60,76,72,78,71,88,81,62,83,73,73,75,69,95,81,63,79,70,82,74,60,79,67,70,82,92,112,89,94,87,90,123,92,108,97,109,101,92,100,101,98,95,119,108,120,133,116,117,113,138,138,117,112,100,115,98,115,131,114,131,125,115,108,121,138,140,133,116,151,120,140,137,154,136,151,157,153,143,156,162,133,157,172,161,168,162,150,180,160,169,166,164,184,164,180,191,183,184,199,178,177,192,174,170,209,194,182,208,190,205,186,198,200,211,205,205,205,254,230,216,251,225,217,262,258,223,231,251,248,260,244,262,261,249,238,262,277,272,276,258,274,284,268,273,294,309,309,257,275,329,280
S10500,0,0,0,0,0,0,0,0,0,0,0,0,0,0,0,0,0,0,0,0,0,0,0,0,0,0,0,0,0,0,0,0,0,0,0,0,0,0,0,0,0,0,0,0,0,0,0,0,0,0,0,0,0,0,0,0,0,0,0,0,0,0,0,0,0,0,0,0,0,0,0,0,0,0,0,0,0,0,0,0,0,0,0,0,0,0,0,0,0,0,0,0,0,0,0,0,0,0,0,0,0,0,0,0,0,0,0,0,0,0,0,0,0,0,0,0,0,0,0,0,0,0,0,0,0,0,0,0,0,0,0,0,0,0,0,0,0,0,0,0,0,0,0,0,0,0,0,0,0,0,0,0,0,0,0,0,0,0,0,0,0,0,0,0,0,0,0,0,0,0,0,0,0,0,0,0,0,0,0,0,0,0,0,0,0,0,0,0,0,0,0,0,0,0,0,0,0,0,0,0,0,0,0,0,0,0,0,0,0,0,0,0,0,0,0,0,0,0,0,0,0,0,0,0,0,0,0,0,0,0,0,0,0,0,0,0,0,0,0,0,0,0,0,0,0,0,0,0,0,0,0,0,0,0,0,0,0,0,0,0,0,0,0,0,0,0,0,0,0,0,0,0,0,0,0,0,0,0,0,0,0,0,0,0,0,0,0,0,0,0,0,0,0,0,0,0,1,0,0,0,0,0,0,0,0,0,0,0,0,0,0,0,0,0,0,0,0,0,0,0,0,0,0,0,0,0,0,0,0,0,0,0,0,1,0,0,1,0,0,0,0,0,0,0,0,0,0,0,0,0,0,0,0,0,0,0,0,0,0,0,0,0,0,0,0,0,0,0,0,0,0,0,0,0,0,0,0,0,0,0,0,0,0,0,0,0,0,0,0,0,0,0,0,0,0,0,0,0,1,0,0,0,0,0,0,0,0,0,0,0,0,0,0,0,0,0,1,0,0,1,0,0,0,0,1,0,0,0,0,0,0,0,0,0,1,0,0,0,1,0,0,0,0,0,0,1,0,0,0,1,0,0,0,0,0,0,1,0,0,0,2,0,0,0,0,1,0,0,0,0,0,0,1,1,0,1,0,0,0,0,0,0,1,1,0,0,0,2,0,1,0,1,1,1,1,0,0,0,0,2,1,2,0,1,1,2,0,0,1,1,0,0,1,0,1,2,0,0,1,1,2,0,2,0,0,2,0,0,0,3,0,4,1,0,2,0,2,1,1,0,1,0,1,0,4,0,0,1,2,1,1,2,0,4,0,1,3,2,1,3,2,3,1,2,1,3,0,3,2,0,5,2,1,3,2,3,2,1,3,1,1,3,1,3,1,4,1,3,5,1,2,1,0,0,1,3,2,1,0,3,1,4,4,5,0,2,1,2,2,6,6,6,4,2,2,4,3,7,4,7,5,6,5,3,4,3,3,4,8,9,5,6,5,4,3,6,7,8,3,4,5,8,5,3,6,3,4,7,5,8,4,11,11,16,6,5,6,4,8,9,9,8,9,5,5,15,5,7,10,8,4,9,7,6,3,6,12,8,10,12,8,6,7,6,5,13,12,6,13,14,10,9,15,5,12,13,17,13,9,11,15,19,16,11,15,18,16,12,18,20,5,10,20,10,14,21,15,15,18,19,11,19,20,15,21,25,12,16,21,20,28,20,18,14,20,31,20,19,23,22,17,29,16,20,26,25,22,26,24,27,22,22,29,22,33,35,22,32,28,22,27,27,30,21,38,34,30,35,28,31,29,25,39,28,27,29,33,26,35,29,28,29,37,29,36,37,44,41,41,35,33,27,33,33,32,31,42,46,39,34,33,40,34,50,44,41,44,37,42,51,42,57,49,53,54,42,44,53,56,49,46,59,44,63,57,56,63,49,43,58,54,57,64,48,75,72,78,74,72,73,74,64,66,54,60,74,68,68,84,61,80,73,81,75,89,81,63,85,76,74,76,71,101,82,66,79,72,82,75,60,79,68,71,83,93,113,89,94,88,90,125,94,109,100,109,102,94,101,101,99,97,122,108,121,134,117,119,116,139,139,120,112,101,116,99,117,133,117,132,130,115,111,122,139,141,136,119,151,124,144,141,157,139,155,159,157,145,157,164,137,157,175,166,171,163,152,182,162,170,168,169,185,166,184,194,188,186,200,182,180,196,179,173,212,199,185,210,191,210,188,203,200,214,211,213,210,258,233,226,257,229,221,267,261,229,235,254,249,262,247,266,268,254,241,266,283,275,283,261,277,287,276,277,297,312,315,258,280,333,286
S11000,0,0,0,0,0,0,0,0,0,0,0,0,0,0,0,0,0,0,0,0,0,0,0,0,0,0,0,0,0,0,0,0,0,0,0,0,0,0,0,0,0,0,0,0,0,0,0,0,0,0,0,0,0,0,0,0,0,0,0,0,0,0,0,0,0,0,0,0,0,0,0,0,0,0,0,0,0,0,0,0,0,0,0,0,0,0,0,0,0,0,0,0,0,0,0,0,0,0,0,0,0,0,0,0,0,0,0,0,0,0,0,0,0,0,0,0,0,0,0,0,0,0,0,0,0,0,0,0,0,0,0,0,0,0,0,0,0,0,0,0,0,0,0,0,0,0,0,0,0,0,0,0,0,0,0,0,0,0,0,0,0,0,0,0,0,0,0,0,0,0,0,0,0,0,0,0,0,0,0,0,0,0,0,0,0,0,0,0,0,0,0,0,0,0,0,0,0,0,0,0,0,0,0,0,0,0,0,0,0,0,0,0,0,0,0,0,0,0,0,0,0,0,0,0,0,0,0,0,0,0,0,0,0,0,0,0,0,0,0,0,0,0,0,0,0,0,0,0,0,0,0,0,0,0,0,0,0,0,0,0,0,0,0,0,0,0,0,0,0,0,0,0,0,0,0,0,0,0,0,0,0,0,0,0,0,0,0,0,0,0,0,0,0,0,0,0,1,0,0,0,0,0,0,0,0,0,0,0,0,0,0,0,0,0,0,0,0,0,0,0,0,0,0,0,0,0,0,0,0,0,0,0,0,1,0,0,1,0,0,0,0,0,0,0,0,0,0,0,0,0,0,0,0,0,0,0,0,0,0,0,0,0,0,0,0,0,0,0,0,0,0,0,0,0,0,0,0,0,0,0,0,0,0,0,0,0,0,0,0,0,0,0,0,0,0,0,0,0,1,0,0,0,0,0,0,0,0,0,0,0,0,0,0,0,0,0,1,0,0,1,0,0,0,0,1,0,0,0,0,0,0,0,0,0,1,0,0,0,1,0,0,0,0,0,0,1,0,0,0,1,0,0,0,0,0,0,1,0,0,0,2,0,0,0,0,1,0,0,0,0,0,0,1,1,0,1,0,0,0,0,0,0,1,1,0,0,0,2,0,1,0,1,1,1,1,0,0,0,0,2,1,2,0,1,1,2,0,0,1,1,0,0,1,0,1,2,0,0,1,1,2,0,2,0,0,2,0,0,0,3,0,4,1,0,2,0,2,1,1,0,1,0,1,1,4,0,0,1,2,1,1,2,0,4,0,1,3,2,1,3,2,3,2,2,1,3,0,3,2,0,5,2,1,3,2,3,2,1,3,1,1,3,1,3,1,4,1,3,5,1,2,1,0,0,1,3,2,1,0,3,1,4,4,5,0,2,1,2,2,6,6,6,4,2,2,4,3,7,4,7,5,6,5,3,4,3,3,4,8,9,6,6,5,4,3,6,7,8,3,4,5,8,5,3,6,3,4,7,5,8,4,11,11,16,6,5,6,4,8,9,9,8,9,5,5,15,5,7,10,8,5,9,7,6,3,6,12,8,10,12,8,6,7,6,5,13,12,6,13,14,10,9,15,5,13,13,17,13,9,11,15,19,16,11,15,18,17,12,18,21,5,10,21,10,14,21,15,15,18,19,11,19,21,15,21,25,13,16,21,20,28,20,18,15,20,31,20,20,24,22,17,29,16,22,26,25,22,26,24,27,22,22,29,22,33,35,23,34,28,23,28,27,30,22,39,35,31,36,29,31,31,26,40,29,27,29,33,27,35,29,28,30,37,29,36,38,45,41,41,36,33,28,34,34,32,31,43,46,41,34,34,40,35,52,46,41,45,38,42,52,43,59,49,53,56,42,45,55,56,51,47,61,45,63,57,57,64,49,45,62,55,58,64,49,75,74,78,75,74,73,74,66,69,54,63,74,69,68,86,63,80,74,81,80,89,83,64,89,77,75,79,74,101,83,68,80,74,84,78,62,80,70,73,85,93,114,90,95,88,94,126,95,112,102,110,103,97,102,103,99,100,123,109,121,136,119,120,118,139,141,121,114,102,118,102,119,135,118,135,130,117,111,123,140,144,138,123,156,126,145,143,159,140,159,162,160,147,158,165,138,159,175,168,174,165,156,184,164,172,168,175,189,171,186,196,192,191,200,188,184,199,183,179,216,202,189,214,195,211,195,211,203,220,215,214,214,263,236,231,263,234,221,269,268,236,242,257,252,264,253,267,274,257,244,268,287,280,286,266,281,290,283,282,305,318,318,265,284,338,289
S11500,0,0,0,0,0,0,0,0,0,0,0,0,0,0,0,0,0,0,0,0,0,0,0,0,0,0,0,0,0,0,0,0,0,0,0,0,0,0,0,0,0,0,0,0,0,0,0,0,0,0,0,0,0,0,0,0,0,0,0,0,0,0,0,0,0,0,0,0,0,0,0,0,0,0,0,0,0,0,0,0,0,0,0,0,0,0,0,0,0,0,0,0,0,0,0,0,0,0,0,0,0,0,0,0,0,0,0,0,0,0,0,0,0,0,0,0,0,0,0,0,0,0,0,0,0,0,0,0,0,0,0,0,0,0,0,0,0,0,0,0,0,0,0,0,0,0,0,0,0,0,0,0,0,0,0,0,0,0,0,0,0,0,0,0,0,0,0,0,0,0,0,0,0,0,0,0,0,0,0,0,0,0,0,0,0,0,0,0,0,0,0,0,0,0,0,0,0,0,0,0,0,0,0,0,0,0,0,0,0,0,0,0,0,0,0,0,0,0,0,0,0,0,0,0,0,0,0,0,0,0,0,0,0,0,0,0,0,0,0,0,0,0,0,0,0,0,0,0,0,0,0,0,0,0,0,0,0,0,0,0,0,0,0,0,0,0,0,0,0,0,0,0,0,0,0,0,0,0,0,0,0,0,0,0,0,0,0,0,0,0,0,0,0,0,0,0,1,0,0,0,0,0,0,0,0,0,0,0,0,0,0,0,0,0,0,0,0,0,0,0,0,0,0,0,0,0,0,0,0,0,0,0,0,1,0,0,1,0,0,0,0,0,0,0,0,0,0,0,0,0,0,0,0,0,0,0,0,0,0,0,0,0,0,0,0,0,0,0,0,0,0,0,0,0,0,0,0,0,0,0,0,0,0,0,0,0,0,0,0,0,0,0,0,0,0,0,0,0,1,0,0,0,0,0,0,0,0,0,0,0,0,0,0,0,0,0,1,0,0,1,0,0,0,0,1,0,0,0,0,0,0,0,0,0,1,0,0,0,1,0,0,0,0,0,0,1,0,0,0,1,0,0,0,0,0,0,1,0,0,0,2,0,0,0,0,1,0,0,0,0,0,0,1,1,0,1,0,1,0,0,0,0,1,1,0,0,0,2,0,1,0,1,1,1,1,0,0,0,0,2,1,2,0,1,1,2,0,0,1,1,0,0,1,0,1,2,0,0,1,1,2,0,2,0,0,2,0,0,0,3,0,4,1,0,2,0,2,1,1,0,2,0,1,1,4,0,0,1,2,1,1,3,0,4,0,1,3,2,1,3,2,4,2,2,1,3,0,3,2,0,5,2,1,3,2,3,2,1,3,1,1,3,1,3,1,4,1,3,5,1,2,1,0,0,1,3,3,1,0,3,1,5,4,5,0,2,1,2,2,6,6,6,4,2,3,4,4,7,4,7,5,6,5,3,4,4,3,4,8,9,6,6,5,4,3,6,7,8,3,4,5,8,5,3,7,3,4,7,5,8,4,11,11,16,6,6,6,4,8,9,9,8,9,5,5,15,5,7,10,8,6,9,7,6,3,6,12,8,10,12,8,6,7,7,6,13,12,8,13,14,10,9,15,5,13,13,17,13,9,11,15,19,16,11,15,18,18,12,18,22,6,10,22,10,14,21,15,15,20,19,12,19,21,15,21,25,15,17,21,20,28,20,18,15,20,32,21,22,24,22,17,29,16,22,27,25,22,26,26,27,22,24,29,25,33,36,23,34,28,23,29,27,31,24,39,35,32,36,29,33,31,27,41,29,28,29,33,27,36,29,28,30,37,29,37,38,46,41,41,36,37,28,35,35,33,31,43,47,42,34,34,40,36,52,47,43,45,38,42,53,43,59,50,54,56,42,45,56,56,53,47,61,45,63,58,60,64,49,46,63,55,59,64,51,77,75,79,75,76,75,76,66,69,55,64,74,69,70,86,64,82,74,81,81,89,84,66,89,79,75,83,75,106,86,69,80,74,84,79,63,82,71,75,85,95,114,91,95,91,98,126,96,113,104,111,103,100,105,104,103,100,125,110,123,138,119,125,122,142,142,123,116,103,120,103,124,135,122,138,132,119,111,125,144,146,142,128,157,126,147,147,161,143,161,168,161,148,160,170,139,161,177,174,178,167,156,189,165,174,172,178,191,173,193,199,197,194,204,191,185,202,188,183,218,204,192,218,196,215,199,215,206,222,219,219,215,269,242,238,268,239,222,272,273,241,249,259,253,266,257,269,275,264,248,269,288,283,293,270,288,292,288,289,314,322,324,270,290,340,294
S12000,0,0,0,0,0,0,0,0,0,0,0,0,0,0,0,0,0,0,0,0,0,0,0,0,0,0,0,0,0,0,0,0,0,0,0,0,0,0,0,0,0,0,0,0,0,0,0,0,0,0,0,0,0,0,0,0,0,0,0,0,0,0,0,0,0,0,0,0,0,0,0,0,0,0,0,0,0,0,0,0,0,0,0,0,0,0,0,0,0,0,0,0,0,0,0,0,0,0,0,0,0,0,0,0,0,0,0,0,0,0,0,0,0,0,0,0,0,0,0,0,0,0,0,0,0,0,0,0,0,0,0,0,0,0,0,0,0,0,0,0,0,0,0,0,0,0,0,0,0,0,0,0,0,0,0,0,0,0,0,0,0,0,0,0,0,0,0,0,0,0,0,0,0,0,0,0,0,0,0,0,0,0,0,0,0,0,0,0,0,0,0,0,0,0,0,0,0,0,0,0,0,0,0,0,0,0,0,0,0,0,0,0,0,0,0,0,0,0,0,0,0,0,0,0,0,0,0,0,0,0,0,0,0,0,0,0,0,0,0,0,0,0,0,0,0,0,0,0,0,0,0,0,0,0,0,0,0,0,0,0,0,0,0,0,0,0,0,0,0,0,0,0,0,0,0,0,0,0,0,0,0,0,0,0,0,0,0,0,0,0,0,0,0,0,0,0,1,0,0,0,0,0,0,0,0,0,0,0,0,0,0,0,0,0,0,0,0,0,0,0,0,0,0,0,0,0,0,0,0,0,0,0,0,1,0,0,1,0,0,0,0,0,0,0,0,0,0,0,0,0,0,0,0,0,0,0,0,0,0,0,0,0,0,0,0,0,0,0,0,0,0,0,0,0,0,0,0,0,0,0,0,0,0,0,0,0,0,0,0,0,0,0,0,0,0,0,0,0,1,0,0,0,0,0,0,0,0,0,0,0,0,0,0,0,0,0,1,0,0,1,0,0,0,0,1,0,0,0,0,0,0,0,0,0,1,0,0,0,1,0,0,0,0,0,0,1,0,0,0,1,0,0,0,0,0,0,1,0,0,0,2,0,0,0,0,1,0,0,0,0,0,0,1,1,0,1,0,1,0,0,0,0,1,1,0,0,0,2,0,1,0,1,1,1,1,0,0,0,0,2,1,2,0,1,1,2,0,0,1,1,0,0,1,0,1,2,0,0,1,1,2,0,2,0,1,2,0,0,0,3,0,4,1,0,2,0,2,1,1,0,2,0,1,1,4,0,0,1,2,1,2,3,0,4,0,1,3,2,1,3,2,4,2,2,1,3,0,3,2,0,5,2,1,3,2,3,2,1,3,1,1,3,1,3,1,5,1,3,5,1,2,1,0,0,1,3,3,1,0,3,1,5,4,5,0,3,1,2,2,6,6,6,4,2,3,4,4,7,4,7,5,6,5,3,4,4,3,4,8,10,6,6,5,4,3,6,7,8,3,4,5,8,5,3,7,3,4,8,6,8,4,11,11,16,6,6,6,4,8,9,9,8,9,5,7,16,5,7,10,8,6,9,7,6,3,6,12,8,10,12,8,6,7,7,7,13,12,8,13,14,10,9,15,5,13,13,17,14,9,12,17,19,16,12,15,20,19,12,18,24,6,11,22,10,14,21,16,15,20,20,12,19,21,15,21,25,15,17,21,20,28,20,18,15,20,33,22,22,24,22,17,29,16,22,28,25,22,26,26,27,23,24,30,25,33,37,23,35,28,24,30,27,31,24,39,36,32,37,29,33,32,27,42,29,30,30,33,27,36,29,28,30,38,29,38,39,47,41,42,36,37,28,36,35,34,31,43,48,42,34,35,41,36,52,49,44,46,39,44,54,44,61,53,55,57,43,45,56,56,53,49,62,45,65,59,60,64,52,46,64,58,59,64,51,77,75,79,78,76,77,77,68,70,56,66,75,69,71,90,66,82,75,82,82,89,89,68,93,80,77,84,75,109,87,72,82,74,86,82,63,85,72,76,86,100,116,92,95,91,98,128,96,114,106,113,105,103,107,107,103,104,125,112,126,141,122,126,124,144,145,124,117,105,125,104,127,136,127,140,133,121,111,129,146,152,145,130,159,128,148,149,162,145,162,169,164,152,162,171,141,166,177,179,181,167,159,192,167,176,177,182,193,178,196,203,198,196,205,192,188,207,189,185,220,206,195,223,197,218,208,218,210,224,223,219,216,272,248,241,270,245,225,279,275,247,251,265,256,272,263,275,279,269,252,269,292,287,297,272,292,297,296,293,317,323,326,278,300,341,302
S12500,0,0,0,0,0,0,0,0,0,0,0,0,0,0,0,0,0,0,0,0,0,0,0,0,0,0,0,0,0,0,0,0,0,0,0,0,0,0,0,0,0,0,0,0,0,0,0,0,0,0,0,0,0,0,0,0,0,0,0,0,0,0,0,0,0,0,0,0,0,0,0,0,0,0,0,0,0,0,0,0,0,0,0,0,0,0,0,0,0,0,0,0,0,0,0,0,0,0,0,0,0,0,0,0,0,0,0,0,0,0,0,0,0,0,0,0,0,0,0,0,0,0,0,0,0,0,0,0,0,0,0,0,0,0,0,0,0,0,0,0,0,0,0,0,0,0,0,0,0,0,0,0,0,0,0,0,0,0,0,0,0,0,0,0,0,0,0,0,0,0,0,0,0,0,0,0,0,0,0,0,0,0,0,0,0,0,0,0,0,0,0,0,0,0,0,0,0,0,0,0,0,0,0,0,0,0,0,0,0,0,0,0,0,0,0,0,0,0,0,0,0,0,0,0,0,0,0,0,0,0,0,0,0,0,0,0,0,0,0,0,0,0,0,0,0,0,0,0,0,0,0,0,0,0,0,0,0,0,0,0,0,0,0,0,0,0,0,0,0,0,0,0,0,0,0,0,0,0,0,0,0,0,0,0,0,0,0,0,0,0,0,0,0,0,0,0,1,0,0,0,0,0,0,0,0,0,0,0,0,0,0,0,0,0,0,0,0,0,0,0,0,0,0,0,0,0,0,0,0,0,0,0,0,1,0,0,1,0,0,0,0,0,0,0,0,0,0,0,0,0,0,0,0,0,0,0,0,0,0,0,0,0,0,0,0,0,0,0,0,0,0,0,0,0,0,0,0,0,0,0,0,0,0,0,0,0,0,0,0,0,0,0,0,0,0,0,0,0,1,0,0,0,0,0,0,0,0,0,0,0,0,0,0,0,0,0,1,0,0,1,0,0,0,0,1,0,0,0,0,0,0,0,0,0,1,0,0,0,1,0,0,0,0,0,0,1,0,0,0,1,0,0,0,0,0,0,1,0,0,0,2,0,0,0,0,1,0,0,0,0,0,0,1,1,0,1,0,1,0,0,0,0,1,1,0,0,0,2,0,1,0,1,1,1,1,0,0,0,0,2,1,3,0,1,1,2,0,0,1,1,0,0,1,0,1,2,0,0,1,1,2,0,2,0,1,2,0,0,0,3,0,4,1,0,2,0,2,1,1,0,2,0,1,1,4,0,0,1,2,1,2,3,0,4,0,2,3,2,1,3,2,4,2,2,1,3,0,3,2,0,5,2,1,3,2,3,2,1,3,1,1,3,1,4,1,5,1,3,5,1,2,1,0,0,1,3,3,1,0,3,1,5,4,6,0,3,1,2,2,6,6,6,4,2,4,4,4,7,4,7,5,6,5,3,5,4,3,4,8,10,6,6,5,4,3,6,7,8,3,4,5,8,5,3,7,3,4,9,6,8,4,11,12,16,6,6,6,4,8,9,9,8,9,5,7,17,5,7,10,8,6,9,7,6,3,6,12,8,10,12,8,6,7,7,7,13,13,9,13,14,10,9,16,5,13,13,17,14,9,12,17,19,16,13,15,20,19,12,19,24,7,11,22,10,14,22,16,16,20,21,12,19,21,15,22,25,15,17,21,20,28,20,18,15,20,34,22,23,26,22,19,30,16,22,28,26,22,26,26,27,23,25,30,25,35,38,24,36,29,26,31,27,33,24,39,36,32,39,29,33,33,27,43,30,30,30,33,29,38,29,29,31,38,30,38,39,47,41,43,36,40,29,37,36,34,31,43,48,44,34,35,41,37,52,51,46,46,40,45,54,45,61,53,55,62,45,47,57,56,54,51,62,46,65,60,62,65,52,47,65,58,61,65,51,77,77,80,79,78,77,79,69,70,59,69,77,70,71,92,68,86,75,84,83,90,90,71,94,82,78,85,78,109,87,72,85,75,86,83,64,86,75,77,87,102,117,92,98,92,100,131,99,116,109,116,105,107,108,109,107,104,127,112,126,142,123,128,125,144,147,125,117,106,129,105,128,137,129,141,136,123,112,130,147,152,147,133,163,130,149,153,163,147,166,171,169,156,163,171,142,173,178,181,182,170,163,198,171,181,180,184,194,180,202,207,202,201,208,195,192,211,192,188,221,210,198,227,198,226,216,222,215,224,226,220,220,275,252,245,271,247,227,280,278,253,252,267,258,278,270,285,285,271,258,272,295,292,305,273,295,302,297,294,323,327,329,283,308,344,305
S13000,0,0,0,0,0,0,0,0,0,0,0,0,0,0,0,0,0,0,0,0,0,0,0,0,0,0,0,0,0,0,0,0,0,0,0,0,0,0,0,0,0,0,0,0,0,0,0,0,0,0,0,0,0,0,0,0,0,0,0,0,0,0,0,0,0,0,0,0,0,0,0,0,0,0,0,0,0,0,0,0,0,0,0,0,0,0,0,0,0,0,0,0,0,0,0,0,0,0,0,0,0,0,0,0,0,0,0,0,0,0,0,0,0,0,0,0,0,0,0,0,0,0,0,0,0,0,0,0,0,0,0,0,0,0,0,0,0,0,0,0,0,0,0,0,0,0,0,0,0,0,0,0,0,0,0,0,0,0,0,0,0,0,0,0,0,0,0,0,0,0,0,0,0,0,0,0,0,0,0,0,0,0,0,0,0,0,0,0,0,0,0,0,0,0,0,0,0,0,0,0,0,0,0,0,0,0,0,0,0,0,0,0,0,0,0,0,0,0,0,0,0,0,0,0,0,0,0,0,0,0,0,0,0,0,0,0,0,0,0,0,0,0,0,0,0,0,0,0,0,0,0,0,0,0,0,0,0,0,0,0,0,0,0,0,0,0,0,0,0,0,0,0,0,0,0,0,0,0,0,0,0,0,0,0,0,0,0,0,0,0,0,0,0,0,0,0,1,0,0,0,0,0,0,1,0,0,0,0,0,0,0,0,0,0,0,0,0,0,0,0,0,0,0,0,0,0,0,0,0,0,0,0,0,1,0,0,1,0,0,0,0,0,0,0,0,0,0,0,0,0,0,0,0,0,0,0,0,0,0,0,0,0,0,0,0,0,0,0,0,0,0,0,0,0,0,0,0,0,0,0,0,0,0,0,0,0,0,0,0,0,0,0,0,0,0,0,0,0,1,0,0,0,0,0,0,0,0,0,0,0,0,0,0,0,0,0,1,0,0,1,0,0,0,0,1,0,0,0,0,0,0,0,0,0,1,0,0,0,1,0,0,0,0,0,0,1,0,0,0,1,0,0,0,0,0,0,1,0,0,0,2,0,0,0,0,1,0,0,0,0,0,0,1,1,0,1,0,1,0,0,0,0,1,1,0,0,0,2,0,1,0,1,1,1,1,0,0,0,0,2,1,3,0,1,1,2,0,0,1,1,0,0,1,0,1,2,0,0,1,1,2,0,3,0,1,2,0,0,0,3,0,4,1,0,2,0,2,2,1,0,2,0,1,1,4,0,0,1,2,1,2,3,0,4,0,2,3,2,1,3,2,4,2,2,1,3,0,3,2,0,5,2,1,3,2,3,2,1,3,1,1,3,1,4,1,5,1,3,5,1,2,1,0,0,1,3,3,1,0,3,1,5,4,6,0,3,1,2,2,6,6,6,4,2,5,4,4,7,4,7,5,6,5,3,5,4,3,4,8,10,6,6,5,4,3,6,7,8,3,4,5,8,5,3,7,3,4,9,6,8,4,11,12,16,6,6,6,4,8,9,9,8,10,5,7,17,5,7,10,8,6,9,7,6,4,6,12,8,10,12,8,6,7,7,7,13,13,9,13,14,10,10,16,5,13,13,17,14,9,12,17,19,16,13,16,20,19,12,19,25,7,11,22,10,14,23,16,17,21,21,12,19,22,15,22,25,15,17,21,20,28,21,18,15,20,35,24,23,27,23,20,33,16,23,28,26,22,28,26,29,23,25,30,25,36,39,25,36,29,27,32,27,33,24,39,36,33,39,29,33,33,27,43,30,30,30,34,31,39,29,29,31,38,31,38,40,47,42,44,36,41,30,37,36,34,31,43,49,44,35,35,41,37,52,51,49,46,40,45,54,46,61,54,56,64,46,48,57,58,56,52,63,47,65,61,62,67,52,47,66,60,62,66,52,78,77,80,80,78,78,80,71,71,60,70,78,71,73,94,68,87,75,87,83,93,92,72,94,83,79,86,79,111,87,74,86,78,88,87,69,88,75,78,90,102,117,96,99,93,101,132,102,118,110,118,109,109,109,111,110,109,130,114,127,142,129,131,128,145,149,126,121,109,129,106,131,140,131,147,139,126,113,132,149,155,149,134,163,133,154,155,168,148,170,172,173,156,163,171,149,173,181,185,183,174,165,203,174,184,183,185,195,183,204,210,204,207,212,197,192,214,195,191,223,214,202,230,201,233,223,226,219,227,227,224,220,275,256,251,276,247,229,283,281,258,253,273,263,283,276,291,291,276,266,277,297,296,309,278,297,310,300,299,329,333,333,285,310,349,307
S13500,0,0,0,0,0,0,0,0,0,0,0,0,0,0,0,0,0,0,0,0,0,0,0,0,0,0,0,0,0,0,0,0,0,0,0,0,0,0,0,0,0,0,0,0,0,0,0,0,0,0,0,0,0,0,0,0,0,0,0,0,0,0,0,0,0,0,0,0,0,0,0,0,0,0,0,0,0,0,0,0,0,0,0,0,0,0,0,0,0,0,0,0,0,0,0,0,0,0,0,0,0,0,0,0,0,0,0,0,0,0,0,0,0,0,0,0,0,0,0,0,0,0,0,0,0,0,0,0,0,0,0,0,0,0,0,0,0,0,0,0,0,0,0,0,0,0,0,0,0,0,0,0,0,0,0,0,0,0,0,0,0,0,0,0,0,0,0,0,0,0,0,0,0,0,0,0,0,0,0,0,0,0,0,0,0,0,0,0,0,0,0,0,0,0,0,0,0,0,0,0,0,0,0,0,0,0,0,0,0,0,0,0,0,0,0,0,0,0,0,0,0,0,0,0,0,0,0,0,0,0,0,0,0,0,0,0,0,0,0,0,0,0,0,0,0,0,0,0,0,0,0,0,0,0,0,0,0,0,0,0,0,0,0,0,0,0,0,0,0,0,0,0,0,0,0,0,0,0,0,0,0,0,0,0,0,0,0,0,0,0,0,0,0,0,0,0,1,0,0,0,0,0,0,1,0,0,0,0,0,0,0,0,0,0,0,0,0,0,0,0,0,0,0,0,0,0,0,0,0,0,0,0,0,1,0,0,1,0,0,0,0,0,0,0,0,0,0,0,0,0,0,0,0,0,0,0,0,0,0,0,0,0,0,0,0,0,0,0,0,0,0,0,0,0,0,0,0,0,0,0,0,0,0,0,0,0,0,0,0,0,0,0,0,0,0,0,0,0,1,0,0,0,0,0,0,0,0,0,0,0,0,0,0,0,0,0,1,0,0,1,0,0,0,0,1,0,0,0,0,0,0,0,0,0,1,0,0,0,1,0,0,0,0,0,0,1,0,0,0,1,0,0,0,0,0,0,1,0,0,0,2,1,0,0,0,1,0,0,0,0,0,0,1,1,0,1,0,1,0,0,0,0,1,1,0,0,0,2,0,1,0,1,1,1,1,0,0,0,0,2,1,3,0,1,1,2,0,0,1,1,0,0,1,0,1,2,0,0,1,1,2,0,3,0,1,2,0,0,0,3,0,4,1,0,2,0,2,2,1,0,3,0,1,1,4,0,0,1,2,1,2,3,0,4,0,2,3,2,1,3,2,4,2,2,1,3,0,3,2,0,5,2,1,3,2,3,2,1,3,1,1,3,1,4,1,5,1,3,5,1,2,1,0,0,1,3,3,1,0,3,1,5,4,6,0,3,1,2,2,6,6,6,4,2,5,4,4,7,4,7,5,6,5,3,5,4,3,4,8,10,6,6,5,4,3,6,7,8,3,4,6,8,5,3,7,3,4,9,6,8,4,11,12,16,6,6,6,4,8,9,9,8,10,5,7,17,5,7,11,10,6,9,7,6,4,6,12,8,10,12,8,6,7,7,8,13,13,10,13,14,10,10,16,5,13,13,17,14,10,13,17,19,16,15,16,20,20,12,19,25,8,11,22,11,14,23,16,18,22,22,13,19,22,15,22,25,15,18,21,20,28,21,18,15,20,35,24,25,27,23,20,33,16,25,28,26,22,28,26,29,24,25,30,25,36,41,26,36,29,27,33,27,36,24,39,36,33,41,29,34,33,27,46,31,31,30,34,31,40,30,31,31,38,31,39,40,47,42,45,36,41,31,37,36,36,32,43,49,44,38,36,43,37,52,51,49,46,42,45,55,46,61,54,57,64,47,49,58,60,56,52,63,48,68,61,63,69,55,48,66,61,62,66,53,78,79,81,83,79,80,82,72,74,62,70,80,71,73,98,69,89,77,87,83,93,93,72,96,85,79,87,79,111,88,75,87,80,89,87,71,92,75,79,90,103,119,97,99,96,101,133,103,121,112,122,112,110,111,112,112,111,132,118,130,145,130,135,130,147,149,130,122,112,133,106,136,143,132,152,143,126,114,132,151,158,150,137,167,134,157,155,171,150,170,172,176,159,167,174,150,178,183,188,186,177,170,206,178,185,185,189,197,184,204,213,211,207,214,200,200,217,197,192,223,215,209,233,204,238,230,230,224,229,232,229,224,280,259,255,279,251,230,290,283,260,257,275,266,286,282,298,294,281,271,282,301,301,311,282,306,312,302,304,337,340,335,286,314,355,312
S14000,0,0,0,0,0,0,0,0,0,0,0,0,0,0,0,0,0,0,0,0,0,0,0,0,0,0,0,0,0,0,0,0,0,0,0,0,0,0,0,0,0,0,0,0,0,0,0,0,0,0,0,0,0,0,0,0,0,0,0,0,0,0,0,0,0,0,0,0,0,0,0,0,0,0,0,0,0,0,0,0,0,0,0,0,0,0,0,0,0,0,0,0,0,0,0,0,0,0,0,0,0,0,0,0,0,0,0,0,0,0,0,0,0,0,0,0,0,0,0,0,0,0,0,0,0,0,0,0,0,0,0,0,0,0,0,0,0,0,0,0,0,0,0,0,0,0,0,0,0,0,0,0,0,0,0,0,0,0,0,0,0,0,0,0,0,0,0,0,0,0,0,0,0,0,0,0,0,0,0,0,0,0,0,0,0,0,0,0,0,0,0,0,0,0,0,0,0,0,0,0,0,0,0,0,0,0,0,0,0,0,0,0,0,0,0,0,0,0,0,0,0,0,0,0,0,0,0,0,0,0,0,0,0,0,0,0,0,0,0,0,0,0,0,0,0,0,0,0,0,0,0,0,0,0,0,0,0,0,0,0,0,0,0,0,0,0,0,0,0,0,0,0,0,0,0,0,0,0,0,0,0,0,0,0,0,0,0,0,0,0,0,0,0,0,0,0,1,0,0,0,0,0,0,1,0,0,0,0,0,0,0,0,0,0,0,0,0,0,0,0,0,0,0,0,0,0,0,0,0,0,0,0,0,1,0,0,1,0,0,0,0,0,0,0,0,0,0,0,0,0,0,0,0,0,0,0,0,0,0,0,0,0,0,0,0,0,0,0,0,0,0,0,0,0,0,0,0,0,0,0,0,0,0,0,0,0,0,0,0,0,0,0,0,0,0,0,0,0,1,0,0,0,0,0,0,0,0,0,0,0,0,0,0,0,0,0,1,0,0,1,0,0,0,0,1,0,0,0,0,0,0,0,0,0,1,0,0,0,1,0,0,0,0,0,0,1,0,0,0,1,0,0,0,0,0,0,1,0,0,0,2,1,0,0,0,1,0,0,0,0,0,0,1,1,0,1,0,1,0,0,0,0,1,1,0,0,0,2,0,1,0,1,1,1,1,0,0,0,0,2,1,3,0,1,1,2,0,0,1,1,0,0,1,0,1,2,0,0,1,1,2,0,3,0,1,2,0,0,0,3,0,4,1,0,2,0,2,2,1,0,3,0,1,1,4,0,0,1,2,1,2,3,0,4,0,2,3,2,1,3,2,4,2,2,1,3,0,3,2,0,5,2,1,3,2,3,2,1,3,1,1,3,1,4,1,5,1,3,5,1,2,1,0,0,1,3,3,1,0,3,1,6,4,6,0,3,1,2,2,6,6,6,4,2,5,4,4,7,4,7,5,6,5,3,5,5,3,4,8,10,6,6,5,4,3,6,7,8,3,4,6,8,5,3,7,3,4,9,6,9,4,11,13,16,6,6,6,4,9,9,10,8,10,5,7,17,5,8,12,10,6,9,8,6,4,6,13,8,10,12,8,6,7,7,8,13,14,11,13,14,10,10,16,6,13,13,17,15,10,13,17,19,16,15,16,20,22,12,19,25,8,11,22,11,14,23,16,18,23,22,13,19,23,15,22,26,15,18,21,20,28,21,19,15,20,36,27,25,27,23,20,33,16,26,28,26,23,28,26,29,24,25,30,27,37,42,26,36,30,27,33,27,36,24,39,37,33,41,29,36,33,27,46,31,31,31,36,31,40,30,32,31,39,32,42,42,47,42,46,36,41,32,37,37,36,33,44,49,46,39,37,44,37,53,51,49,47,44,45,58,47,63,54,57,64,48,49,58,61,59,53,64,49,68,62,63,69,55,49,67,62,62,67,53,78,79,82,84,80,80,84,74,74,64,71,82,73,74,98,69,90,78,88,83,95,97,73,97,88,80,89,80,113,90,75,90,82,91,88,71,92,75,83,91,103,119,99,101,97,105,137,103,122,112,125,115,112,111,113,116,114,133,118,131,146,131,138,134,149,151,131,127,112,137,106,139,146,133,152,143,130,118,133,154,159,150,139,169,135,159,156,176,153,174,175,183,159,169,179,153,181,185,191,190,178,174,208,181,188,187,196,201,187,208,215,214,209,215,202,201,220,204,194,224,218,210,235,204,241,233,235,225,233,237,234,228,281,265,257,285,255,234,294,289,263,258,280,268,295,285,304,300,285,277,286,307,302,316,283,311,315,306,309,342,346,341,291,319,359,321
S14500,0,0,0,0,0,0,0,0,0,0,0,0,0,0,0,0,0,0,0,0,0,0,0,0,0,0,0,0,0,0,0,0,0,0,0,0,0,0,0,0,0,0,0,0,0,0,0,0,0,0,0,0,0,0,0,0,0,0,0,0,0,0,0,0,0,0,0,0,0,0,0,0,0,0,0,0,0,0,0,0,0,0,0,0,0,0,0,0,0,0,0,0,0,0,0,0,0,0,0,0,0,0,0,0,0,0,0,0,0,0,0,0,0,0,0,0,0,0,0,0,0,0,0,0,0,0,0,0,0,0,0,0,0,0,0,0,0,0,0,0,0,0,0,0,0,0,0,0,0,0,0,0,0,0,0,0,0,0,0,0,0,0,0,0,0,0,0,0,0,0,0,0,0,0,0,0,0,0,0,0,0,0,0,0,0,0,0,0,0,0,0,0,0,0,0,0,0,0,0,0,0,0,0,0,0,0,0,0,0,0,0,0,0,0,0,0,0,0,0,0,0,0,0,0,0,0,0,0,0,0,0,0,0,0,0,0,0,0,0,0,0,0,0,0,0,0,0,0,0,0,0,0,0,0,0,0,0,0,0,0,0,0,0,0,0,0,0,0,0,0,0,0,0,0,0,0,0,0,0,0,0,0,0,0,0,0,0,0,0,0,0,0,0,0,0,0,1,0,0,0,0,0,0,1,0,0,0,0,0,0,0,0,0,0,0,0,0,0,0,0,0,0,0,0,0,0,0,0,0,0,0,0,0,1,0,0,1,0,0,0,0,0,0,0,0,0,0,0,0,0,0,0,0,0,0,0,0,0,0,0,0,0,0,0,0,0,0,0,0,0,0,0,0,0,0,0,0,0,0,0,0,0,0,0,0,0,0,0,0,0,0,0,0,0,0,0,0,0,1,0,0,0,0,0,0,0,0,0,0,0,0,0,0,0,0,0,1,0,0,1,0,0,0,0,1,0,0,0,0,0,0,0,0,0,1,0,0,0,1,0,0,0,0,0,0,1,0,0,0,1,0,0,0,0,0,0,2,0,0,0,2,1,0,0,0,1,0,0,0,0,0,0,1,1,0,1,0,1,0,0,0,0,1,1,0,0,0,2,0,1,0,1,1,1,1,0,0,0,0,2,1,3,0,1,1,2,0,0,1,1,0,0,1,0,1,2,0,0,1,1,2,0,3,0,1,2,0,0,0,3,0,4,1,0,2,0,2,2,1,0,3,0,1,1,4,0,0,1,2,1,2,3,0,4,0,2,3,2,1,3,2,4,2,2,1,3,0,3,2,0,5,2,1,3,2,3,2,1,3,1,1,3,1,4,1,5,1,3,5,1,2,1,0,0,2,3,3,1,0,3,1,6,5,6,0,3,1,2,2,6,6,6,4,2,5,4,4,7,4,7,5,6,5,3,5,5,3,4,8,10,6,6,5,4,3,6,7,8,3,4,6,8,5,3,7,3,5,9,6,9,4,11,13,16,6,6,6,4,9,9,10,8,10,5,8,17,5,8,12,10,6,9,8,6,4,6,14,8,10,12,8,6,8,8,8,13,15,12,13,14,10,10,16,7,13,13,17,15,10,13,17,19,17,15,16,20,22,12,20,25,8,12,22,12,14,23,16,18,23,22,13,19,23,16,22,26,15,20,21,20,30,22,19,15,20,36,28,25,28,23,20,33,16,26,29,27,23,29,26,29,25,25,30,27,38,42,26,36,30,27,34,27,37,24,39,38,34,42,29,37,35,27,46,31,32,31,36,31,40,30,32,32,39,32,42,43,47,43,46,37,41,32,38,37,36,36,45,50,46,40,37,45,37,53,52,49,47,44,45,58,47,64,54,57,64,48,50,59,61,60,53,66,49,69,63,63,70,58,49,67,66,66,70,55,78,79,82,84,81,80,84,74,77,65,72,83,73,74,98,69,91,78,90,84,96,98,74,100,89,80,90,83,115,90,78,92,83,93,88,73,93,76,85,93,105,120,103,101,99,106,139,104,125,114,127,115,114,116,116,119,116,135,118,133,149,132,143,137,152,151,134,128,114,142,111,141,148,136,152,143,131,119,137,155,162,151,141,170,137,160,161,180,155,176,177,188,162,172,183,157,184,189,194,194,181,175,211,183,189,190,197,206,187,210,220,219,210,217,205,205,223,208,196,233,220,213,241,207,243,239,235,231,238,241,238,231,285,270,261,294,259,239,295,292,267,262,281,272,297,290,309,304,288,278,289,311,309,321,289,314,318,309,313,348,350,345,297,325,361,327
S15000,0,0,0,0,0,0,0,0,0,0,0,0,0,0,0,0,0,0,0,0,0,0,0,0,0,0,0,0,0,0,0,0,0,0,0,0,0,0,0,0,0,0,0,0,0,0,0,0,0,0,0,0,0,0,0,0,0,0,0,0,0,0,0,0,0,0,0,0,0,0,0,0,0,0,0,0,0,0,0,0,0,0,0,0,0,0,0,0,0,0,0,0,0,0,0,0,0,0,0,0,0,0,0,0,0,0,0,0,0,0,0,0,0,0,0,0,0,0,0,0,0,0,0,0,0,0,0,0,0,0,0,0,0,0,0,0,0,0,0,0,0,0,0,0,0,0,0,0,0,0,0,0,0,0,0,0,0,0,0,0,0,0,0,0,0,0,0,0,0,0,0,0,0,0,0,0,0,0,0,0,0,0,0,0,0,0,0,0,0,0,0,0,0,0,0,0,0,0,0,0,0,0,0,0,0,0,0,0,0,0,0,0,0,0,0,0,0,0,0,0,0,0,0,0,0,0,0,0,0,0,0,0,0,0,0,0,0,0,0,0,0,0,0,0,0,0,0,0,0,0,0,0,0,0,0,0,0,0,0,0,0,0,0,0,0,0,0,0,0,0,0,0,0,0,0,0,0,0,0,0,0,0,0,0,0,0,0,0,0,0,0,0,0,0,0,0,1,0,0,0,0,0,0,1,0,0,0,0,0,0,0,0,0,0,0,0,0,0,0,0,0,0,0,0,0,0,0,0,0,0,0,0,0,1,0,0,1,0,0,0,0,0,0,0,0,0,0,0,0,0,0,0,0,0,0,0,0,0,0,0,0,0,0,0,0,0,0,0,0,0,0,0,0,0,0,0,0,0,0,0,0,0,0,0,0,0,0,0,0,0,0,0,0,0,0,0,0,0,1,0,0,0,0,0,0,0,0,0,0,0,0,0,0,0,0,0,1,0,0,1,0,0,0,0,1,0,0,0,0,0,0,0,0,0,1,0,0,0,1,0,0,0,0,0,0,1,0,0,0,1,0,0,0,0,0,0,2,0,0,0,2,1,0,0,0,1,0,0,0,0,0,0,1,1,0,1,0,1,0,0,0,0,1,1,0,0,0,2,0,1,0,1,1,1,1,0,0,0,0,2,1,3,0,1,1,2,0,0,1,1,0,0,1,1,1,2,0,0,1,1,2,0,3,0,1,2,0,0,0,3,0,4,1,0,2,0,2,2,1,0,3,0,1,1,4,1,0,1,2,1,2,3,0,4,0,2,3,2,1,3,2,4,2,2,1,3,0,3,2,0,5,2,1,4,2,3,2,1,3,1,1,3,1,4,1,5,1,3,5,1,2,1,0,0,2,3,3,1,0,4,1,6,5,7,0,4,1,2,2,6,6,6,4,3,5,4,4,7,4,7,5,6,5,3,5,5,3,4,8,10,6,6,5,4,3,6,7,8,4,4,6,9,5,3,7,3,5,9,6,10,4,11,13,16,6,7,6,4,9,9,10,8,11,5,8,17,5,8,12,10,6,9,8,6,4,7,14,8,10,12,8,6,8,8,8,13,15,12,14,14,11,10,16,7,13,13,17,17,11,13,17,20,18,15,16,20,22,13,21,25,8,13,23,12,14,24,16,19,24,22,13,19,23,17,23,26,15,20,21,20,30,22,19,15,21,37,28,25,28,23,20,34,18,26,29,27,23,29,27,31,25,25,30,27,38,43,26,36,30,28,35,27,37,25,39,39,36,42,29,38,35,27,48,31,32,32,36,32,40,30,35,32,39,33,44,43,49,44,46,37,41,34,38,38,36,36,45,51,46,41,37,47,37,54,53,49,48,44,45,58,50,64,55,58,65,48,50,61,61,63,53,68,49,70,64,65,70,59,51,69,66,67,71,58,79,80,83,85,81,83,86,74,79,66,74,85,74,74,98,71,93,78,90,85,96,99,75,100,90,81,90,84,115,91,78,93,87,94,90,73,94,77,87,94,106,121,104,103,99,106,140,107,131,115,129,116,115,118,117,122,119,135,119,135,153,132,144,138,155,153,134,129,115,142,112,142,149,139,154,145,134,121,138,159,166,157,144,173,140,166,164,182,160,177,180,189,163,173,185,158,188,191,197,198,188,180,212,186,191,191,201,207,191,211,223,220,215,221,208,207,224,210,199,235,220,215,244,210,248,244,238,233,243,243,242,234,296,270,267,298,268,241,298,297,272,266,284,277,302,297,310,309,292,282,292,316,314,325,293,315,319,317,319,354,353,349,302,329,365,330
S15500,0,0,0,0,0,0,0,0,0,0,0,0,0,0,0,0,0,0,0,0,0,0,0,0,0,0,0,0,0,0,0,0,0,0,0,0,0,0,0,0,0,0,0,0,0,0,0,0,0,0,0,0,0,0,0,0,0,0,0,0,0,0,0,0,0,0,0,0,0,0,0,0,0,0,0,0,0,0,0,0,0,0,0,0,0,0,0,0,0,0,0,0,0,0,0,0,0,0,0,0,0,0,0,0,0,0,0,0,0,0,0,0,0,0,0,0,0,0,0,0,0,0,0,0,0,0,0,0,0,0,0,0,0,0,0,0,0,0,0,0,0,0,0,0,0,0,0,0,0,0,0,0,0,0,0,0,0,0,0,0,0,0,0,0,0,0,0,0,0,0,0,0,0,0,0,0,0,0,0,0,0,0,0,0,0,0,0,0,0,0,0,0,0,0,0,0,0,0,0,0,0,0,0,0,0,0,0,0,0,0,0,0,0,0,0,0,0,0,0,0,0,0,0,0,0,0,0,0,0,0,0,0,0,0,0,0,0,0,0,0,0,0,0,0,0,0,0,0,0,0,0,0,0,0,0,0,0,0,0,0,0,0,0,0,0,0,0,0,0,0,0,0,0,0,0,0,0,0,0,0,0,0,0,0,0,0,0,0,0,0,0,0,0,0,0,0,1,0,0,0,0,0,0,1,0,0,0,0,0,0,0,0,0,0,0,0,0,0,0,0,0,0,0,0,0,0,0,0,0,0,0,0,0,1,0,0,1,0,0,0,0,0,0,0,0,0,0,0,0,0,0,0,0,0,0,0,0,0,0,0,0,0,0,0,0,0,0,0,0,0,0,0,0,0,0,0,0,0,0,0,0,0,0,0,0,0,0,0,0,0,0,0,0,0,0,0,0,0,1,0,0,0,0,0,0,0,0,0,0,0,0,0,0,0,0,0,1,0,0,1,0,0,0,0,1,0,0,0,0,0,0,0,0,0,1,0,0,0,1,0,0,0,0,0,0,1,1,0,0,1,0,0,0,0,0,0,2,0,0,0,2,1,0,0,0,1,0,0,0,0,0,0,1,1,0,1,0,1,0,0,0,0,1,1,0,0,0,2,0,1,0,1,1,1,1,0,0,0,0,2,1,3,0,1,1,2,0,0,1,1,0,0,1,1,1,2,0,0,1,1,2,0,3,0,1,2,0,0,0,4,0,4,1,0,2,0,2,2,1,0,3,0,1,1,4,1,0,1,2,1,2,3,0,4,0,2,3,2,1,3,2,4,2,2,1,3,0,3,2,1,5,2,1,4,2,3,2,1,3,1,1,3,1,4,1,5,1,3,5,1,2,1,0,0,2,3,4,1,0,5,2,6,5,7,0,4,1,2,2,6,6,6,4,3,5,4,4,7,4,7,5,6,5,3,5,5,4,4,8,10,6,6,6,4,3,6,7,8,4,4,6,9,5,3,7,3,6,9,6,10,4,11,13,16,6,7,6,4,9,9,10,8,11,5,8,17,5,8,12,10,7,9,9,7,4,7,14,8,10,12,8,6,8,8,8,13,15,13,14,14,11,10,16,7,13,13,18,17,11,13,17,20,18,15,16,20,22,14,22,25,9,13,23,12,14,24,17,19,24,22,13,19,23,18,23,26,15,20,22,21,30,22,19,15,22,37,28,25,28,23,20,34,18,26,29,28,23,29,27,31,25,25,30,27,38,44,26,37,31,29,35,27,37,25,39,39,36,42,29,38,36,29,48,32,33,32,38,32,40,30,35,32,39,34,45,43,49,44,47,38,42,35,38,38,38,36,45,52,47,41,39,47,37,54,53,49,48,45,48,58,50,65,56,60,66,50,51,61,61,66,54,68,49,74,64,65,70,60,52,69,67,68,73,59,82,82,83,86,81,85,86,77,79,66,74,87,75,74,99,71,98,82,91,86,98,101,75,101,91,81,90,85,115,91,78,94,88,95,90,78,95,78,87,94,107,123,104,105,102,110,141,107,135,116,131,117,117,118,118,125,119,143,121,138,156,133,146,140,158,153,137,131,117,142,115,143,153,147,155,147,134,123,140,161,169,163,147,176,142,168,167,186,161,178,181,192,171,174,185,161,190,197,199,200,191,183,215,192,193,195,201,209,195,212,225,226,218,223,210,209,231,212,200,241,224,218,247,210,252,250,239,239,248,245,244,237,298,276,270,305,269,244,301,301,274,269,292,279,305,302,316,311,296,288,299,319,319,330,299,317,320,323,325,359,356,354,307,335,372,333
S16000,0,0,0,0,0,0,0,0,0,0,0,0,0,0,0,0,0,0,0,0,0,0,0,0,0,0,0,0,0,0,0,0,0,0,0,0,0,0,0,0,0,0,0,0,0,0,0,0,0,0,0,0,0,0,0,0,0,0,0,0,0,0,0,0,0,0,0,0,0,0,0,0,0,0,0,0,0,0,0,0,0,0,0,0,0,0,0,0,0,0,0,0,0,0,0,0,0,0,0,0,0,0,0,0,0,0,0,0,0,0,0,0,0,0,0,0,0,0,0,0,0,0,0,0,0,0,0,0,0,0,0,0,0,0,0,0,0,0,0,0,0,0,0,0,0,0,0,0,0,0,0,0,0,0,0,0,0,0,0,0,0,0,0,0,0,0,0,0,0,0,0,0,0,0,0,0,0,0,0,0,0,0,0,0,0,0,0,0,0,0,0,0,0,0,0,0,0,0,0,0,0,0,0,0,0,0,0,0,0,0,0,0,0,0,0,0,0,0,0,0,0,0,0,0,0,0,0,0,0,0,0,0,0,0,0,0,0,0,0,0,0,0,0,0,0,0,0,0,0,0,0,0,0,0,0,0,0,0,0,0,0,0,0,0,0,0,0,0,0,0,0,0,0,0,0,0,0,0,0,0,0,0,0,0,0,0,0,0,0,0,0,0,0,0,0,0,1,0,0,0,0,0,0,1,0,0,0,0,0,0,0,0,0,0,0,0,0,0,0,0,0,0,0,0,0,0,0,0,0,0,0,0,0,1,0,0,1,0,0,0,0,0,0,0,0,0,0,0,0,0,0,0,0,0,0,0,0,0,0,0,0,0,0,0,0,0,0,0,0,0,0,0,0,0,0,0,0,0,0,0,0,0,0,0,0,0,0,0,0,0,0,0,0,0,0,0,0,0,1,0,0,0,0,0,0,0,0,0,0,0,0,0,0,0,0,0,1,0,0,1,0,0,0,0,1,0,0,0,0,0,0,0,0,0,1,0,0,0,1,0,0,0,0,0,0,1,1,0,0,1,0,0,0,0,0,0,2,0,0,0,2,1,0,0,0,1,0,0,0,0,0,0,1,1,0,1,1,1,0,0,0,0,1,1,0,0,0,2,0,1,0,1,1,1,1,0,0,0,0,2,1,3,0,1,1,2,0,0,1,1,0,0,1,1,1,2,0,0,1,1,2,0,3,0,1,2,0,0,0,4,0,4,1,0,2,0,2,2,1,0,3,0,1,1,4,1,0,1,3,1,2,3,0,4,0,2,3,2,1,3,2,4,2,2,1,3,0,3,2,1,5,2,1,4,2,3,2,1,3,1,1,3,1,4,1,5,1,3,5,1,2,1,0,0,2,3,4,1,0,5,2,6,5,7,0,4,1,2,2,6,6,6,4,3,5,5,4,7,4,7,5,6,5,3,6,5,4,4,8,10,6,6,6,4,3,6,7,9,4,4,6,9,5,3,7,3,6,9,6,10,4,11,13,16,6,7,6,4,9,9,10,8,11,5,8,17,5,8,12,10,7,9,9,7,4,7,14,8,10,12,8,6,8,8,8,13,15,13,14,14,11,10,16,7,13,13,18,17,11,13,17,21,19,16,16,20,23,14,23,25,9,13,23,12,14,24,18,19,24,22,13,19,23,18,24,26,15,21,25,21,30,23,19,15,22,37,30,25,28,24,20,34,19,26,31,28,24,29,27,31,28,25,31,27,38,45,27,38,31,29,36,27,37,25,40,39,36,44,30,38,36,31,49,32,33,32,38,32,40,31,36,32,39,34,46,43,52,45,48,40,45,35,40,38,38,36,45,52,47,42,40,48,38,55,53,50,51,46,49,61,51,65,56,60,68,51,51,62,63,67,55,68,51,74,64,65,70,61,52,69,68,70,74,61,82,83,86,87,81,87,86,79,80,69,74,89,77,75,99,72,98,83,92,87,99,103,76,103,91,82,92,87,117,94,78,96,88,95,92,80,97,79,87,94,108,123,104,106,102,110,142,108,138,116,134,119,119,122,119,127,120,145,124,139,158,133,148,142,161,155,138,133,120,145,117,147,156,148,155,149,135,125,142,162,171,164,151,179,148,169,170,191,163,180,187,196,175,175,190,162,192,197,204,202,193,188,217,193,197,200,204,211,198,215,226,228,220,225,213,214,235,218,203,247,228,222,250,215,257,252,244,243,252,249,249,238,300,283,270,309,272,245,302,307,277,274,295,287,308,310,321,315,297,293,301,323,326,333,304,318,322,326,326,361,362,360,313,336,379,340
S16500,0,0,0,0,0,0,0,0,0,0,0,0,0,0,0,0,0,0,0,0,0,0,0,0,0,0,0,0,0,0,0,0,0,0,0,0,0,0,0,0,0,0,0,0,0,0,0,0,0,0,0,0,0,0,0,0,0,0,0,0,0,0,0,0,0,0,0,0,0,0,0,0,0,0,0,0,0,0,0,0,0,0,0,0,0,0,0,0,0,0,0,0,0,0,0,0,0,0,0,0,0,0,0,0,0,0,0,0,0,0,0,0,0,0,0,0,0,0,0,0,0,0,0,0,0,0,0,0,0,0,0,0,0,0,0,0,0,0,0,0,0,0,0,0,0,0,0,0,0,0,0,0,0,0,0,0,0,0,0,0,0,0,0,0,0,0,0,0,0,0,0,0,0,0,0,0,0,0,0,0,0,0,0,0,0,0,0,0,0,0,0,0,0,0,0,0,0,0,0,0,0,0,0,0,0,0,0,0,0,0,0,0,0,0,0,0,0,0,0,0,0,0,0,0,0,0,0,0,0,0,0,0,0,0,0,0,0,0,0,0,0,0,0,0,0,0,0,0,0,0,0,0,0,0,0,0,0,0,0,0,0,0,0,0,0,0,0,0,0,0,0,0,0,0,0,0,0,0,0,0,0,0,0,0,0,0,0,0,0,0,0,0,0,0,0,0,1,0,0,0,0,0,0,1,0,0,0,0,0,0,0,0,0,0,0,0,0,0,0,0,0,0,0,0,0,0,0,0,0,0,0,0,0,1,0,0,1,0,0,0,0,0,0,0,0,0,0,0,0,0,0,0,0,0,0,0,0,0,0,0,0,0,0,0,0,0,0,0,0,0,0,0,0,0,0,0,0,0,0,0,0,0,0,0,0,0,0,0,0,0,0,0,0,0,0,0,0,0,1,0,0,0,0,0,0,0,0,0,0,0,0,0,0,0,0,0,1,0,0,1,0,0,0,0,1,0,0,0,0,0,0,0,0,0,1,0,0,0,1,0,0,0,0,0,0,1,1,0,0,1,0,0,0,0,0,0,2,0,0,0,2,1,0,0,0,1,0,0,0,0,0,0,1,1,0,1,1,1,0,0,0,0,1,1,0,0,0,2,0,1,0,2,1,1,1,0,0,0,0,2,1,3,0,1,1,2,0,0,1,1,0,0,1,1,1,2,0,0,1,1,2,0,3,0,1,2,0,0,0,4,0,4,1,0,3,0,2,2,1,0,3,0,1,1,4,1,0,1,3,1,2,4,0,4,0,2,3,2,1,3,2,4,2,2,1,3,0,3,2,1,5,2,1,4,2,3,2,1,3,1,1,3,1,4,1,5,1,3,5,1,2,1,0,0,2,3,4,1,1,5,2,6,5,7,0,4,1,2,2,6,6,6,4,4,5,5,4,7,4,7,5,6,7,3,6,5,4,4,8,10,6,7,6,4,3,6,7,9,4,4,6,9,5,3,7,3,6,10,6,10,4,12,13,16,6,7,6,4,9,9,11,8,11,5,8,18,5,8,12,10,8,9,9,7,4,7,14,8,10,12,8,6,9,8,10,13,15,13,15,14,11,10,16,7,14,13,18,17,11,13,17,21,19,16,17,20,23,14,23,25,9,13,24,13,14,24,18,19,24,22,13,19,24,18,25,26,16,21,26,21,30,23,19,15,22,37,30,25,28,24,22,35,19,26,31,28,25,29,29,31,28,25,31,27,38,45,27,38,31,29,37,27,37,26,40,39,36,44,31,38,37,31,50,33,34,32,38,33,40,33,36,32,39,35,46,44,52,46,49,40,46,35,40,39,40,36,45,53,49,42,40,49,39,56,53,52,52,48,49,61,51,65,57,61,68,51,51,64,65,67,56,69,51,74,64,67,73,64,53,70,69,71,74,64,84,85,90,88,83,91,86,80,80,69,74,90,77,78,99,74,98,84,93,87,99,103,79,104,93,84,92,90,117,96,80,103,88,95,94,81,98,80,88,96,111,128,104,107,102,111,145,111,140,116,135,120,121,124,120,128,122,147,125,140,158,136,149,149,165,157,138,135,123,147,120,150,156,149,161,155,138,127,146,163,174,167,155,184,151,169,176,193,167,181,188,198,177,178,192,164,194,199,207,205,197,191,218,195,197,202,206,214,202,221,228,230,220,227,215,216,240,222,205,250,232,222,257,217,260,254,248,245,254,252,256,241,303,287,272,309,275,249,305,311,284,276,299,291,314,314,327,318,299,298,307,328,327,336,311,322,324,328,328,368,366,364,318,340,382,350
S17000,0,0,0,0,0,0,0,0,0,0,0,0,0,0,0,0,0,0,0,0,0,0,0,0,0,0,0,0,0,0,0,0,0,0,0,0,0,0,0,0,0,0,0,0,0,0,0,0,0,0,0,0,0,0,0,0,0,0,0,0,0,0,0,0,0,0,0,0,0,0,0,0,0,0,0,0,0,0,0,0,0,0,0,0,0,0,0,0,0,0,0,0,0,0,0,0,0,0,0,0,0,0,0,0,0,0,0,0,0,0,0,0,0,0,0,0,0,0,0,0,0,0,0,0,0,0,0,0,0,0,0,0,0,0,0,0,0,0,0,0,0,0,0,0,0,0,0,0,0,0,0,0,0,0,0,0,0,0,0,0,0,0,0,0,0,0,0,0,0,0,0,0,0,0,0,0,0,0,0,0,0,0,0,0,0,0,0,0,0,0,0,0,0,0,0,0,0,0,0,0,0,0,0,0,0,0,0,0,0,0,0,0,0,0,0,0,0,0,0,0,0,0,0,0,0,0,0,0,0,0,0,0,0,0,0,0,0,0,0,0,0,0,0,0,0,0,0,0,0,0,0,0,0,0,0,0,0,0,0,0,0,0,0,0,0,0,0,0,0,0,0,0,0,0,0,0,0,0,0,0,0,0,0,0,0,0,0,0,0,0,0,0,0,0,0,0,1,0,0,0,0,0,0,1,0,0,0,0,0,0,0,0,0,0,0,0,0,0,0,0,0,0,0,0,0,0,0,0,0,0,0,0,0,1,0,0,1,0,0,0,0,0,0,0,0,0,0,0,0,0,0,0,0,0,0,0,0,0,0,0,0,0,0,0,0,0,0,0,0,0,0,0,0,0,0,0,0,0,0,0,0,0,0,0,0,0,0,0,0,0,0,0,0,0,0,0,0,0,1,0,0,0,0,0,0,0,0,0,0,0,0,0,0,0,0,0,1,0,0,1,0,0,0,0,1,0,0,0,0,0,0,0,0,0,1,0,0,0,1,0,0,0,0,0,0,1,1,0,0,1,0,0,0,0,0,0,2,0,0,0,2,1,0,0,0,1,0,0,0,0,0,0,1,1,0,1,1,1,0,0,0,0,1,1,0,0,0,2,0,1,0,2,1,1,1,0,0,0,0,2,1,3,0,1,1,2,0,0,1,1,0,0,1,1,1,2,0,0,1,1,2,0,3,0,1,2,0,0,0,4,0,4,1,0,3,0,2,2,1,0,3,0,1,1,4,1,0,1,3,1,2,4,0,4,0,2,3,2,1,3,2,4,2,2,1,3,0,3,2,1,5,2,1,4,2,3,2,1,3,1,1,3,1,4,1,5,1,4,5,1,2,1,0,0,2,3,4,1,1,6,2,6,5,7,1,4,1,2,2,6,6,6,4,4,5,5,4,7,4,7,5,6,7,3,6,5,4,4,8,10,6,8,6,4,3,6,7,10,4,4,6,9,5,3,7,3,6,10,7,10,5,13,13,16,6,7,6,5,9,10,11,10,11,5,9,18,5,8,12,10,8,9,9,7,4,7,14,8,10,12,8,6,9,8,10,13,15,13,15,14,12,10,16,7,14,13,19,17,11,14,17,21,19,16,18,20,23,14,23,25,9,13,24,13,14,24,18,19,25,22,13,20,24,19,26,27,16,21,26,21,30,24,20,15,22,39,32,25,28,25,22,36,20,27,31,28,25,30,29,31,28,26,32,28,40,45,28,38,32,29,37,27,37,27,40,39,37,44,31,38,37,31,51,33,34,32,38,34,40,34,36,33,40,35,47,45,53,47,49,41,46,35,41,39,40,37,45,53,49,42,40,49,39,56,53,53,53,48,50,62,51,66,57,61,69,52,54,64,65,69,56,70,53,76,66,68,75,66,53,70,71,72,74,66,85,85,90,90,83,91,87,82,83,71,76,90,79,79,100,74,100,84,93,88,100,104,81,104,93,85,94,90,117,98,81,103,88,97,94,84,100,80,91,97,111,129,105,107,103,114,147,112,140,117,137,123,123,125,121,129,126,147,127,143,159,137,151,149,166,159,140,139,125,149,121,153,158,151,164,156,141,131,147,165,174,169,158,187,152,170,183,194,168,183,193,202,180,182,195,168,197,203,211,206,201,192,221,198,202,205,211,220,205,228,228,231,222,230,217,222,245,226,206,254,235,225,261,222,263,258,249,247,259,253,259,244,310,287,274,312,282,256,307,314,288,277,301,295,318,317,332,321,302,300,311,334,331,342,316,329,329,331,335,373,370,368,325,345,387,358
S17500,0,0,0,0,0,0,0,0,0,0,0,0,0,0,0,0,0,0,0,0,0,0,0,0,0,0,0,0,0,0,0,0,0,0,0,0,0,0,0,0,0,0,0,0,0,0,0,0,0,0,0,0,0,0,0,0,0,0,0,0,0,0,0,0,0,0,0,0,0,0,0,0,0,0,0,0,0,0,0,0,0,0,0,0,0,0,0,0,0,0,0,0,0,0,0,0,0,0,0,0,0,0,0,0,0,0,0,0,0,0,0,0,0,0,0,0,0,0,0,0,0,0,0,0,0,0,0,0,0,0,0,0,0,0,0,0,0,0,0,0,0,0,0,0,0,0,0,0,0,0,0,0,0,0,0,0,0,0,0,0,0,0,0,0,0,0,0,0,0,0,0,0,0,0,0,0,0,0,0,0,0,0,0,0,0,0,0,0,0,0,0,0,0,0,0,0,0,0,0,0,0,0,0,0,0,0,0,0,0,0,0,0,0,0,0,0,0,0,0,0,0,0,0,0,0,0,0,0,0,0,0,0,0,0,0,0,0,0,0,0,0,0,0,0,0,0,0,0,0,0,0,0,0,0,0,0,0,0,0,0,0,0,0,0,0,0,0,0,0,0,0,0,0,0,0,0,0,0,0,0,0,0,0,0,0,0,0,0,0,0,0,0,0,0,0,0,1,0,0,0,0,0,0,1,0,0,0,0,0,0,0,0,0,0,0,0,0,0,0,0,0,0,0,0,0,0,0,0,0,0,0,0,0,1,0,0,1,0,0,0,0,0,0,0,0,0,0,0,0,0,0,0,0,0,0,0,0,0,0,0,0,0,0,0,0,0,0,0,0,0,0,0,0,0,0,0,0,0,0,0,0,0,0,0,0,0,0,0,0,0,0,0,0,0,0,0,0,0,1,0,0,0,0,0,0,0,0,0,0,0,0,0,0,0,0,0,1,0,0,1,0,0,0,0,1,0,0,0,0,0,0,0,0,0,1,0,0,0,1,0,0,0,0,0,0,1,1,0,0,1,0,0,0,0,0,0,2,0,0,0,2,1,0,0,0,1,0,0,0,0,0,0,1,1,0,1,1,1,0,0,0,0,1,1,0,0,0,2,0,1,0,2,1,1,1,0,0,0,0,2,1,3,0,1,1,2,0,0,1,2,0,0,1,1,1,2,0,0,1,1,2,0,3,0,1,3,0,0,0,4,0,4,1,0,3,0,2,2,1,0,3,0,1,1,4,1,0,1,3,1,2,4,0,4,0,2,3,2,1,3,2,4,2,2,1,3,0,3,2,1,5,2,1,4,2,3,2,3,3,1,1,3,1,4,1,5,1,4,5,1,2,1,0,0,2,3,4,1,1,6,2,6,5,7,1,4,1,2,2,6,6,6,4,4,5,5,4,7,4,7,5,6,7,3,6,6,4,5,8,10,6,9,7,4,3,6,7,10,4,4,6,9,5,3,7,3,6,10,7,10,5,13,13,16,6,7,6,5,9,10,11,10,11,5,11,18,5,8,12,10,8,9,9,8,5,7,14,8,10,12,8,6,9,8,10,13,15,13,15,14,13,12,17,7,14,14,20,17,11,14,17,21,19,16,18,20,24,14,25,25,9,13,24,13,14,24,18,21,25,22,13,20,24,20,26,27,16,21,27,21,30,24,22,16,22,40,32,26,28,25,22,38,20,27,31,28,26,30,30,32,28,26,32,28,41,45,28,38,32,30,37,27,39,28,41,39,38,44,32,39,37,31,51,33,35,33,39,36,40,35,36,33,43,37,48,46,53,48,49,41,46,35,42,39,41,37,46,53,51,43,41,49,40,57,54,53,54,48,51,63,54,66,57,62,69,53,56,65,65,70,57,73,54,76,66,69,76,69,55,72,72,73,76,67,87,87,91,90,86,91,89,84,84,71,77,93,79,80,102,75,101,85,94,88,102,106,82,106,94,85,97,90,117,100,84,105,89,98,94,86,101,81,92,100,112,129,106,109,104,114,148,112,142,121,137,124,124,128,122,129,126,149,128,145,160,139,153,151,168,160,142,141,128,149,123,157,159,153,164,157,144,132,147,167,178,171,163,188,153,172,184,197,171,186,195,204,181,185,201,168,201,204,213,208,206,194,223,198,206,206,213,223,205,228,228,232,223,236,219,224,247,229,212,255,238,226,264,226,269,260,251,250,264,257,264,246,312,292,279,315,286,260,311,318,292,280,306,299,326,321,338,324,306,302,316,339,332,344,321,338,332,336,342,376,375,376,333,352,395,365
S18000,0,0,0,0,0,0,0,0,0,0,0,0,0,0,0,0,0,0,0,0,0,0,0,0,0,0,0,0,0,0,0,0,0,0,0,0,0,0,0,0,0,0,0,0,0,0,0,0,0,0,0,0,0,0,0,0,0,0,0,0,0,0,0,0,0,0,0,0,0,0,0,0,0,0,0,0,0,0,0,0,0,0,0,0,0,0,0,0,0,0,0,0,0,0,0,0,0,0,0,0,0,0,0,0,0,0,0,0,0,0,0,0,0,0,0,0,0,0,0,0,0,0,0,0,0,0,0,0,0,0,0,0,0,0,0,0,0,0,0,0,0,0,0,0,0,0,0,0,0,0,0,0,0,0,0,0,0,0,0,0,0,0,0,0,0,0,0,0,0,0,0,0,0,0,0,0,0,0,0,0,0,0,0,0,0,0,0,0,0,0,0,0,0,0,0,0,0,0,0,0,0,0,0,0,0,0,0,0,0,0,0,0,0,0,0,0,0,0,0,0,0,0,0,0,0,0,0,0,0,0,0,0,0,0,0,0,0,0,0,0,0,0,0,0,0,0,0,0,0,0,0,0,0,0,0,0,0,0,0,0,0,0,0,0,0,0,0,0,0,0,0,0,0,0,0,0,0,0,0,0,0,0,0,0,0,0,0,0,0,0,0,0,0,0,0,0,1,0,0,0,0,0,0,1,0,0,0,0,0,0,0,0,0,0,0,0,0,0,0,0,0,0,0,0,0,0,0,0,0,0,0,0,0,1,0,0,1,0,0,0,0,0,0,0,0,0,0,0,0,0,0,0,0,0,0,0,0,0,0,0,0,0,0,0,0,0,0,0,0,0,0,0,0,0,0,0,0,0,0,0,0,0,0,0,0,0,0,0,0,0,0,0,0,0,0,0,0,0,1,0,0,0,0,0,0,0,0,0,0,0,0,0,0,0,0,0,1,0,0,1,0,0,0,0,1,0,0,0,0,0,0,0,0,0,1,0,0,0,1,0,0,0,0,0,0,1,1,0,0,1,0,0,0,0,0,0,2,0,0,0,2,1,0,0,0,1,0,0,0,0,0,0,1,1,0,1,1,1,0,0,0,0,1,1,0,0,0,2,0,1,0,2,1,1,1,0,0,0,0,2,1,3,0,1,1,2,0,0,1,2,0,0,2,1,1,2,0,0,1,1,2,0,3,0,1,3,0,0,0,4,0,4,1,0,3,0,2,2,1,0,3,0,1,1,4,1,0,1,3,2,2,4,0,4,0,2,3,2,1,3,2,4,2,2,1,3,0,3,2,1,5,2,1,4,3,3,2,3,3,2,1,3,1,4,1,5,1,4,5,1,2,1,0,0,2,3,4,1,1,7,2,6,5,7,1,4,1,2,2,6,6,6,4,4,5,5,4,7,4,7,5,6,7,3,6,6,4,5,8,10,6,9,7,4,3,6,7,10,4,4,6,9,5,3,7,3,6,10,7,10,5,13,13,16,6,7,7,5,9,10,11,10,12,5,12,18,5,8,13,10,8,9,9,8,5,7,14,8,10,12,8,6,9,8,10,13,15,13,15,14,14,12,17,7,14,14,20,18,11,14,17,21,19,16,18,20,24,14,25,25,9,13,24,13,15,24,18,21,25,22,13,20,24,20,26,27,16,21,27,21,30,24,22,17,22,40,33,26,29,25,23,38,20,28,31,28,26,30,31,32,28,28,32,28,42,45,29,39,33,31,38,27,39,28,42,40,38,45,32,39,37,31,52,33,35,34,40,38,41,37,36,33,43,38,48,46,53,48,50,43,49,35,43,40,43,38,48,54,52,43,41,49,40,57,54,55,54,48,51,65,54,66,59,63,69,53,56,66,67,70,58,74,55,76,66,72,77,69,57,75,73,73,76,68,87,88,92,90,86,96,90,84,85,71,79,94,80,84,104,77,101,87,95,88,105,108,83,106,98,86,97,90,119,103,85,109,91,100,94,87,102,83,93,100,114,131,108,112,106,117,150,112,146,124,138,127,124,133,124,130,126,150,130,146,163,139,155,152,170,163,143,144,128,150,123,158,161,155,166,158,145,135,149,168,184,171,164,192,155,179,185,199,173,186,197,204,183,189,204,171,202,205,216,210,207,196,226,200,213,208,215,226,208,230,230,236,224,240,224,230,252,230,217,258,242,228,268,231,273,268,252,253,267,262,266,246,317,296,284,318,290,263,315,320,295,285,309,302,330,324,341,327,313,309,323,344,335,352,323,341,339,341,347,377,381,380,337,357,402,371
S18500,0,0,0,0,0,0,0,0,0,0,0,0,0,0,0,0,0,0,0,0,0,0,0,0,0,0,0,0,0,0,0,0,0,0,0,0,0,0,0,0,0,0,0,0,0,0,0,0,0,0,0,0,0,0,0,0,0,0,0,0,0,0,0,0,0,0,0,0,0,0,0,0,0,0,0,0,0,0,0,0,0,0,0,0,0,0,0,0,0,0,0,0,0,0,0,0,0,0,0,0,0,0,0,0,0,0,0,0,0,0,0,0,0,0,0,0,0,0,0,0,0,0,0,0,0,0,0,0,0,0,0,0,0,0,0,0,0,0,0,0,0,0,0,0,0,0,0,0,0,0,0,0,0,0,0,0,0,0,0,0,0,0,0,0,0,0,0,0,0,0,0,0,0,0,0,0,0,0,0,0,0,0,0,0,0,0,0,0,0,0,0,0,0,0,0,0,0,0,0,0,0,0,0,0,0,0,0,0,0,0,0,0,0,0,0,0,0,0,0,0,0,0,0,0,0,0,0,0,0,0,0,0,0,0,0,0,0,0,0,0,0,0,0,0,0,0,0,0,0,0,0,0,0,0,0,0,0,0,0,0,0,0,0,0,0,0,0,0,0,0,0,0,0,0,0,0,0,0,0,0,0,0,0,0,0,0,0,0,0,0,0,0,0,0,0,0,1,0,0,0,0,0,0,1,0,0,0,0,0,0,0,0,0,0,0,0,0,0,0,0,0,0,0,0,0,0,0,0,0,0,0,0,0,1,0,0,1,0,0,0,0,0,0,0,0,0,0,0,0,0,0,0,0,0,0,0,0,0,0,0,0,0,0,0,0,0,0,0,0,0,0,0,0,0,0,0,0,0,0,0,0,0,0,0,0,0,0,0,0,0,0,0,0,0,0,0,0,0,1,0,0,0,0,0,0,0,0,0,0,0,0,0,0,0,0,0,1,0,0,1,0,0,0,0,1,0,0,0,0,0,0,0,0,0,1,0,0,0,1,0,0,0,0,0,0,1,1,0,0,1,0,0,0,0,0,0,2,0,0,0,3,1,0,0,0,1,0,0,0,0,0,0,1,1,0,1,1,1,1,0,0,0,1,1,0,0,0,2,0,1,0,2,1,1,1,0,0,0,0,2,1,3,0,1,1,2,1,0,1,2,0,0,2,1,1,2,0,0,1,1,2,0,3,0,1,3,0,0,0,4,0,4,1,0,3,0,2,2,1,0,3,0,1,1,4,1,0,1,3,2,2,4,0,4,0,2,3,2,1,3,2,4,2,2,1,3,0,3,2,1,5,2,1,4,3,3,2,3,3,2,1,3,1,5,1,5,1,4,5,1,2,1,0,0,2,4,4,1,1,7,2,6,5,7,1,4,1,2,2,6,6,6,4,4,5,5,4,8,5,8,5,6,7,3,6,6,4,5,8,10,6,9,7,4,3,6,7,10,4,4,6,9,5,3,7,3,6,10,8,10,5,13,13,16,6,7,7,6,9,10,11,10,12,5,12,18,6,8,14,10,8,9,9,8,5,7,15,8,10,12,8,7,10,8,10,13,15,13,15,14,14,12,17,7,14,14,21,18,12,14,17,21,19,16,18,20,24,14,25,25,9,13,24,13,15,24,18,22,26,22,13,20,24,20,26,27,16,21,27,22,30,24,22,17,22,40,34,26,29,27,24,38,21,28,32,28,27,30,31,32,28,28,32,28,42,45,30,39,34,31,38,27,39,28,43,41,39,46,32,40,39,31,53,33,35,35,40,39,41,37,37,33,44,38,48,47,55,49,51,43,49,36,43,41,43,41,50,57,53,45,41,51,40,57,55,56,55,48,52,65,57,67,60,64,70,53,56,66,67,72,59,76,56,78,68,73,78,71,58,76,76,74,76,69,89,89,92,90,90,96,91,86,89,73,80,98,82,84,105,77,102,89,97,89,106,109,84,107,100,86,98,91,121,103,86,110,92,102,96,87,102,85,96,101,115,133,110,112,107,119,152,112,148,127,138,129,125,136,128,131,126,152,131,146,164,139,157,152,171,163,146,145,130,152,124,161,163,156,169,160,145,138,151,171,186,172,165,194,157,183,186,203,176,190,197,207,184,190,209,176,206,207,219,212,208,196,228,205,217,209,217,228,211,234,234,237,229,245,231,234,256,231,219,262,244,233,272,234,274,269,254,254,270,265,268,248,322,297,289,320,291,267,319,324,298,292,312,306,338,329,347,334,319,314,325,348,338,357,329,347,343,344,351,387,385,384,339,364,407,375
S19000,0,0,0,0,0,0,0,0,0,0,0,0,0,0,0,0,0,0,0,0,0,0,0,0,0,0,0,0,0,0,0,0,0,0,0,0,0,0,0,0,0,0,0,0,0,0,0,0,0,0,0,0,0,0,0,0,0,0,0,0,0,0,0,0,0,0,0,0,0,0,0,0,0,0,0,0,0,0,0,0,0,0,0,0,0,0,0,0,0,0,0,0,0,0,0,0,0,0,0,0,0,0,0,0,0,0,0,0,0,0,0,0,0,0,0,0,0,0,0,0,0,0,0,0,0,0,0,0,0,0,0,0,0,0,0,0,0,0,0,0,0,0,0,0,0,0,0,0,0,0,0,0,0,0,0,0,0,0,0,0,0,0,0,0,0,0,0,0,0,0,0,0,0,0,0,0,0,0,0,0,0,0,0,0,0,0,0,0,0,0,0,0,0,0,0,0,0,0,0,0,0,0,0,0,0,0,0,0,0,0,0,0,0,0,0,0,0,0,0,0,0,0,0,0,0,0,0,0,0,0,0,0,0,0,0,0,0,0,0,0,0,0,0,0,0,0,0,0,0,0,0,0,0,0,0,0,0,0,0,0,0,0,0,0,0,0,0,0,0,0,0,0,0,0,0,0,0,0,0,0,0,0,0,0,0,0,0,0,0,0,0,0,0,0,0,0,1,0,0,0,0,0,0,1,0,0,0,0,0,0,0,0,0,0,0,0,0,0,0,0,0,0,0,0,0,0,0,0,0,0,0,0,0,1,0,0,1,0,0,0,0,0,0,0,0,0,0,0,0,0,0,0,0,0,0,0,0,0,0,0,0,0,0,0,0,0,0,0,0,0,0,0,0,0,0,0,0,0,0,0,0,0,0,0,0,0,0,0,0,0,0,0,0,0,0,0,0,0,1,0,0,0,0,0,0,0,0,0,0,0,0,0,0,0,0,0,1,0,0,1,0,0,0,0,1,0,0,0,0,0,0,0,0,0,1,0,0,0,1,0,0,0,0,0,0,1,1,0,0,1,0,0,0,0,0,0,2,0,0,0,3,1,0,0,0,1,0,0,0,0,0,0,1,1,0,1,1,1,1,0,0,0,1,1,0,0,0,2,0,1,0,2,1,1,1,0,0,0,0,2,1,3,0,1,1,2,1,0,1,3,0,0,2,1,1,2,0,0,1,1,2,0,4,0,1,3,0,0,0,4,0,4,1,0,3,0,2,2,1,0,3,1,1,1,4,1,0,1,3,2,2,4,0,4,0,2,3,2,1,3,2,4,2,2,1,3,0,3,2,1,5,2,1,4,3,3,2,3,4,3,1,3,1,5,1,5,1,4,5,1,2,1,0,0,2,4,4,1,1,7,2,6,5,7,1,4,1,3,2,6,6,6,4,4,5,5,4,8,5,8,5,7,7,3,6,6,4,5,8,10,6,9,7,4,3,6,7,10,4,4,6,9,5,3,7,3,6,11,8,10,5,13,13,16,6,7,7,6,9,10,11,10,12,5,12,18,6,8,14,10,8,9,9,9,5,7,15,8,10,12,8,7,10,8,10,13,16,13,15,14,14,12,17,8,14,14,21,18,12,15,17,21,20,16,18,20,25,14,25,25,9,14,24,13,15,24,18,22,26,22,13,20,24,20,26,27,16,22,27,22,31,24,22,17,23,42,34,26,31,27,24,39,21,28,32,28,27,30,31,32,29,28,32,28,42,46,30,40,35,32,38,28,41,28,43,41,39,46,32,41,40,32,55,33,35,35,40,39,42,38,37,34,45,39,50,47,55,50,53,43,49,36,44,43,43,41,50,57,53,45,41,51,40,58,55,57,57,48,52,66,57,68,61,65,71,53,57,67,68,76,61,76,58,78,69,73,78,72,59,76,76,74,77,70,89,91,92,92,92,99,92,86,90,75,80,98,83,87,105,78,102,89,97,90,108,109,86,110,104,86,100,91,123,103,88,112,92,106,97,88,103,87,96,103,116,135,112,113,109,120,153,117,152,129,141,130,126,141,130,131,126,153,134,146,167,141,157,154,173,165,146,145,132,155,125,164,166,159,171,162,146,143,153,173,187,175,168,196,158,185,190,205,178,191,199,209,187,195,209,177,207,213,221,216,210,199,229,208,220,210,219,234,216,236,235,239,230,249,233,237,258,236,221,266,247,235,277,241,275,273,257,261,274,269,273,252,328,299,290,325,299,271,322,328,303,299,314,314,339,334,348,337,325,318,326,353,344,360,333,353,346,351,355,390,389,388,345,370,410,385
S19500,0,0,0,0,0,0,0,0,0,0,0,0,0,0,0,0,0,0,0,0,0,0,0,0,0,0,0,0,0,0,0,0,0,0,0,0,0,0,0,0,0,0,0,0,0,0,0,0,0,0,0,0,0,0,0,0,0,0,0,0,0,0,0,0,0,0,0,0,0,0,0,0,0,0,0,0,0,0,0,0,0,0,0,0,0,0,0,0,0,0,0,0,0,0,0,0,0,0,0,0,0,0,0,0,0,0,0,0,0,0,0,0,0,0,0,0,0,0,0,0,0,0,0,0,0,0,0,0,0,0,0,0,0,0,0,0,0,0,0,0,0,0,0,0,0,0,0,0,0,0,0,0,0,0,0,0,0,0,0,0,0,0,0,0,0,0,0,0,0,0,0,0,0,0,0,0,0,0,0,0,0,0,0,0,0,0,0,0,0,0,0,0,0,0,0,0,0,0,0,0,0,0,0,0,0,0,0,0,0,0,0,0,0,0,0,0,0,0,0,0,0,0,0,0,0,0,0,0,0,0,0,0,0,0,0,0,0,0,0,0,0,0,0,0,0,0,0,0,0,0,0,0,0,0,0,0,0,0,0,0,0,0,0,0,0,0,0,0,0,0,0,0,0,0,0,0,0,0,0,0,0,0,0,0,0,0,0,0,0,0,0,0,0,0,0,0,1,0,0,0,0,0,0,1,0,0,0,0,0,0,0,0,0,0,0,0,0,0,0,0,0,0,0,0,0,0,0,0,0,0,0,0,0,1,0,0,1,0,0,0,0,0,0,0,0,0,0,0,0,0,0,0,0,0,0,0,0,0,0,0,0,0,0,0,0,0,0,0,0,0,0,0,0,0,0,0,0,0,0,0,0,0,0,0,0,0,0,0,0,0,0,0,0,0,0,0,0,0,1,0,0,0,0,0,0,0,0,0,0,0,0,0,0,0,0,0,1,0,0,1,0,0,0,0,1,0,0,0,0,0,0,0,0,0,1,0,0,0,1,0,0,0,0,0,0,1,1,0,0,1,0,0,0,0,0,0,2,0,0,0,3,1,0,0,0,1,0,0,0,0,0,0,1,1,0,1,1,1,1,0,0,0,1,1,0,0,0,2,0,1,0,2,1,2,1,0,0,0,0,2,1,3,0,1,1,2,1,0,1,3,0,0,2,1,1,2,0,0,1,1,2,0,4,0,1,3,0,0,0,4,0,4,1,0,3,0,2,2,1,0,3,1,1,1,4,1,0,1,3,2,2,4,0,4,0,2,3,2,1,3,2,4,2,2,1,3,0,3,2,1,5,2,1,4,3,3,2,3,4,3,1,3,1,5,1,5,1,4,5,1,2,1,0,0,2,4,4,1,1,7,2,6,5,7,1,4,1,3,2,6,6,6,4,4,5,5,4,8,5,8,5,7,7,3,6,6,4,5,8,10,6,9,7,4,3,6,7,10,4,4,6,9,5,3,7,3,7,11,9,10,5,13,13,16,6,7,7,7,9,11,11,11,12,5,12,18,6,8,14,10,8,9,9,9,5,7,15,8,10,12,8,7,10,8,10,13,16,13,15,14,14,12,17,8,14,14,22,19,12,15,17,21,20,16,18,20,25,15,25,25,9,14,25,13,15,24,19,22,26,22,14,21,24,22,26,27,16,23,28,23,32,24,24,17,23,42,35,26,32,27,24,39,21,28,32,29,27,31,31,32,30,28,32,28,42,47,30,40,36,32,38,28,42,29,43,42,40,47,32,41,41,32,55,35,35,36,40,40,42,39,37,36,46,41,50,47,56,52,53,44,49,36,45,43,43,41,51,57,53,45,42,51,40,60,55,59,57,48,52,67,58,68,62,65,74,54,57,67,70,77,61,76,60,78,70,73,80,72,60,76,77,74,78,71,90,93,92,93,92,100,93,86,92,75,81,100,83,89,106,79,102,90,97,92,109,110,87,113,104,87,100,93,123,103,90,112,94,109,98,90,105,88,98,105,116,136,112,116,110,121,153,118,153,131,141,137,128,143,131,132,126,156,135,148,168,142,159,155,175,167,149,147,135,156,129,165,169,159,173,166,147,147,156,176,192,177,170,201,159,190,192,208,179,192,201,212,188,203,211,178,209,215,222,218,210,203,233,211,225,211,219,236,217,239,238,244,234,254,239,243,261,242,222,274,248,239,281,246,280,276,260,263,278,270,276,258,330,304,292,327,304,277,328,333,309,304,317,317,340,337,353,341,332,322,332,357,353,363,335,360,348,357,356,398,392,392,351,375,414,389
S20000,0,0,0,0,0,0,0,0,0,0,0,0,0,0,0,0,0,0,0,0,0,0,0,0,0,0,0,0,0,0,0,0,0,0,0,0,0,0,0,0,0,0,0,0,0,0,0,0,0,0,0,0,0,0,0,0,0,0,0,0,0,0,0,0,0,0,0,0,0,0,0,0,0,0,0,0,0,0,0,0,0,0,0,0,0,0,0,0,0,0,0,0,0,0,0,0,0,0,0,0,0,0,0,0,0,0,0,0,0,0,0,0,0,0,0,0,0,0,0,0,0,0,0,0,0,0,0,0,0,0,0,0,0,0,0,0,0,0,0,0,0,0,0,0,0,0,0,0,0,0,0,0,0,0,0,0,0,0,0,0,0,0,0,0,0,0,0,0,0,0,0,0,0,0,0,0,0,0,0,0,0,0,0,0,0,0,0,0,0,0,0,0,0,0,0,0,0,0,0,0,0,0,0,0,0,0,0,0,0,0,0,0,0,0,0,0,0,0,0,0,0,0,0,0,0,0,0,0,0,0,0,0,0,0,0,0,0,0,0,0,0,0,0,0,0,0,0,0,0,0,0,0,0,0,0,0,0,0,0,0,0,0,0,0,0,0,0,0,0,0,0,0,0,0,0,0,0,0,0,0,0,0,0,0,0,0,0,0,0,0,0,0,0,0,0,0,1,0,0,0,0,0,0,1,0,0,0,0,0,0,0,0,0,0,0,0,0,0,0,0,0,0,0,0,0,0,0,0,0,0,0,0,0,1,0,0,1,0,0,0,0,0,0,0,0,0,0,0,0,0,0,0,0,0,0,0,0,0,0,0,0,0,0,0,0,0,0,0,0,0,0,0,0,0,0,0,0,0,0,0,0,0,0,0,0,0,0,0,0,0,0,0,0,0,0,0,0,0,1,0,0,0,0,0,0,0,0,0,0,0,0,0,0,0,0,0,1,0,0,1,0,0,0,0,1,0,0,0,0,0,0,0,0,0,1,0,0,0,1,0,0,0,0,0,0,1,1,0,0,1,0,0,0,0,0,0,2,0,0,0,3,1,0,0,0,1,0,0,0,0,0,0,1,1,0,1,1,1,1,0,0,0,1,1,0,0,0,2,0,1,0,2,1,2,1,0,0,0,0,2,1,3,0,1,1,2,1,0,1,3,0,0,2,1,1,2,0,0,1,1,2,0,4,0,2,3,0,0,0,4,0,4,1,0,3,0,2,2,1,0,3,1,1,1,4,1,0,1,3,3,2,4,0,4,0,2,3,2,1,3,2,4,2,2,1,3,0,3,2,1,5,2,1,4,3,3,2,3,4,3,1,3,1,5,1,5,1,4,5,1,2,1,0,0,2,4,4,1,1,7,2,6,5,7,1,4,1,3,2,6,6,6,4,4,5,5,4,8,5,8,5,7,7,3,6,6,4,5,8,10,6,9,7,4,3,6,7,11,4,4,6,9,5,3,7,3,8,12,9,10,5,13,13,16,6,7,7,7,9,11,11,12,12,5,12,19,8,8,15,10,8,9,9,9,5,7,15,8,11,12,8,7,10,8,10,13,16,13,15,15,14,12,18,8,14,16,22,19,12,15,17,21,20,16,18,21,25,15,25,25,9,15,25,13,15,24,19,22,26,22,16,21,26,22,26,27,17,23,28,24,32,25,24,17,25,42,35,27,33,27,25,40,21,28,32,29,28,32,32,32,32,29,32,29,42,48,31,40,36,33,38,28,42,30,43,42,40,47,32,41,42,33,57,36,36,36,43,40,43,39,37,36,46,41,52,48,57,52,53,45,49,36,45,44,43,41,51,57,53,46,42,51,40,61,55,59,58,48,53,67,58,69,62,65,74,57,57,67,70,81,61,76,61,79,70,74,81,72,61,77,77,78,79,73,91,93,93,93,93,101,94,87,93,75,83,101,87,90,106,81,103,92,97,93,111,110,87,116,105,89,103,93,126,104,92,115,94,111,98,90,107,90,100,106,117,138,113,117,112,121,155,119,154,135,143,140,130,148,133,134,128,156,139,150,173,144,159,158,176,169,151,149,135,160,130,169,171,161,174,169,148,152,159,178,196,181,173,203,159,193,194,210,183,193,203,215,189,203,212,180,212,218,227,222,216,206,235,211,228,214,221,238,218,241,242,248,237,256,243,247,264,245,225,279,250,241,283,251,283,278,263,264,281,275,280,261,334,312,296,333,308,279,330,334,311,306,320,322,342,342,359,346,334,329,334,362,356,372,337,362,352,363,363,403,394,397,356,380,419,393